Date,Open,High,Low,Close,Volume,Dividends,Stock Splits,Capital Gains,ticker
2022-11-04 00:00:00-04:00,22.610700607299805,22.610700607299805,22.610700607299805,22.610700607299805,100,0.0,0.0,0.0,BKGI
2022-11-07 00:00:00-05:00,22.774932861328125,22.774932861328125,22.774932861328125,22.774932861328125,100,0.0,0.0,0.0,BKGI
2022-11-08 00:00:00-05:00,22.774932861328125,22.774932861328125,22.774932861328125,22.774932861328125,0,0.0,0.0,0.0,BKGI
2022-11-09 00:00:00-05:00,22.65064811706543,22.65064811706543,22.65064811706543,22.65064811706543,100,0.0,0.0,0.0,BKGI
2022-11-10 00:00:00-05:00,22.65064811706543,22.65064811706543,22.65064811706543,22.65064811706543,0,0.0,0.0,0.0,BKGI
2022-11-11 00:00:00-05:00,22.65064811706543,22.65064811706543,22.65064811706543,22.65064811706543,0,0.0,0.0,0.0,BKGI
2022-11-14 00:00:00-05:00,22.65064811706543,22.65064811706543,22.65064811706543,22.65064811706543,0,0.0,0.0,0.0,BKGI
2022-11-15 00:00:00-05:00,23.9573974609375,23.9573974609375,23.9573974609375,23.9573974609375,100,0.0,0.0,0.0,BKGI
2022-11-16 00:00:00-05:00,23.991134643554688,23.991134643554688,23.991134643554688,23.991134643554688,100,0.0,0.0,0.0,BKGI
2022-11-17 00:00:00-05:00,23.741680145263672,23.741680145263672,23.741680145263672,23.741680145263672,100,0.0,0.0,0.0,BKGI
2022-11-18 00:00:00-05:00,23.741680145263672,23.741680145263672,23.741680145263672,23.741680145263672,0,0.0,0.0,0.0,BKGI
2022-11-21 00:00:00-05:00,23.741680145263672,23.741680145263672,23.741680145263672,23.741680145263672,0,0.0,0.0,0.0,BKGI
2022-11-22 00:00:00-05:00,23.741680145263672,23.741680145263672,23.741680145263672,23.741680145263672,0,0.0,0.0,0.0,BKGI
2022-11-23 00:00:00-05:00,23.741680145263672,23.741680145263672,23.741680145263672,23.741680145263672,0,0.0,0.0,0.0,BKGI
2022-11-25 00:00:00-05:00,23.741680145263672,23.741680145263672,23.741680145263672,23.741680145263672,0,0.0,0.0,0.0,BKGI
2022-11-28 00:00:00-05:00,23.741680145263672,23.741680145263672,23.741680145263672,23.741680145263672,0,0.0,0.0,0.0,BKGI
2022-11-29 00:00:00-05:00,23.741680145263672,23.741680145263672,23.741680145263672,23.741680145263672,0,0.0,0.0,0.0,BKGI
2022-11-30 00:00:00-05:00,23.741680145263672,23.741680145263672,23.741680145263672,23.741680145263672,0,0.0,0.0,0.0,BKGI
2022-12-01 00:00:00-05:00,23.741680145263672,23.741680145263672,23.741680145263672,23.741680145263672,0,0.0,0.0,0.0,BKGI
2022-12-02 00:00:00-05:00,24.705763982284562,24.75902782161979,24.696886393524206,24.714641571044922,8100,0.0,0.0,0.0,BKGI
2022-12-05 00:00:00-05:00,24.714641571044922,24.714641571044922,24.714641571044922,24.714641571044922,0,0.0,0.0,0.0,BKGI
2022-12-06 00:00:00-05:00,24.705760879217575,24.705760879217575,24.095884323120117,24.095884323120117,100,0.0,0.0,0.0,BKGI
2022-12-07 00:00:00-05:00,24.095884323120117,24.095884323120117,24.095884323120117,24.095884323120117,0,0.0,0.0,0.0,BKGI
2022-12-08 00:00:00-05:00,24.02220344543457,24.02220344543457,24.02220344543457,24.02220344543457,0,0.0,0.0,0.0,BKGI
2022-12-09 00:00:00-05:00,24.00977897644043,24.00977897644043,24.00977897644043,24.00977897644043,100,0.0,0.0,0.0,BKGI
2022-12-12 00:00:00-05:00,24.184659957885742,24.184659957885742,24.184659957885742,24.184659957885742,0,0.0,0.0,0.0,BKGI
2022-12-13 00:00:00-05:00,24.40570640563965,24.40570640563965,24.40570640563965,24.40570640563965,100,0.0,0.0,0.0,BKGI
2022-12-14 00:00:00-05:00,24.42168617248535,24.42168617248535,24.42168617248535,24.42168617248535,100,0.0,0.0,0.0,BKGI
2022-12-15 00:00:00-05:00,23.992019653320312,23.992019653320312,23.992019653320312,23.992019653320312,100,0.0,0.0,0.0,BKGI
2022-12-16 00:00:00-05:00,23.59165269171717,23.66977310180664,23.59165269171717,23.66977310180664,200,0.0,0.0,0.0,BKGI
2022-12-19 00:00:00-05:00,23.41232681274414,23.41232681274414,23.41232681274414,23.41232681274414,100,0.0,0.0,0.0,BKGI
2022-12-20 00:00:00-05:00,23.56058120727539,23.56058120727539,23.56058120727539,23.56058120727539,100,0.0,0.0,0.0,BKGI
2022-12-21 00:00:00-05:00,23.82246208190918,23.82246208190918,23.82246208190918,23.82246208190918,0,0.0,0.0,0.0,BKGI
2022-12-22 00:00:00-05:00,23.81092643737793,23.81092643737793,23.81092643737793,23.81092643737793,0,0.0,0.0,0.0,BKGI
2022-12-23 00:00:00-05:00,23.915676112189683,23.95917510986328,23.915676112189683,23.95917510986328,900,0.0,0.0,0.0,BKGI
2022-12-27 00:00:00-05:00,24.024866104125977,24.024866104125977,24.024866104125977,24.024866104125977,0,0.0,0.0,0.0,BKGI
2022-12-28 00:00:00-05:00,23.700918197631836,23.700918197631836,23.700918197631836,23.700918197631836,0,0.142,0.0,0.0,BKGI
2022-12-29 00:00:00-05:00,24.063241958618164,24.063241958618164,24.063241958618164,24.063241958618164,0,0.0,0.0,0.0,BKGI
2022-12-30 00:00:00-05:00,23.854416238388676,23.925809860229492,23.854416238388676,23.925809860229492,1100,0.0,0.0,0.0,BKGI
2023-01-03 00:00:00-05:00,23.846384048461914,23.846384048461914,23.846384048461914,23.846384048461914,100,0.0,0.0,0.0,BKGI
2023-01-04 00:00:00-05:00,24.26582145690918,24.26582145690918,24.26582145690918,24.26582145690918,100,0.0,0.0,0.0,BKGI
2023-01-05 00:00:00-05:00,24.198888778686523,24.198888778686523,24.198888778686523,24.198888778686523,100,0.0,0.0,0.0,BKGI
2023-01-06 00:00:00-05:00,24.67544174194336,24.67544174194336,24.67544174194336,24.67544174194336,0,0.0,0.0,0.0,BKGI
2023-01-09 00:00:00-05:00,24.671875,24.671875,24.671875,24.671875,0,0.0,0.0,0.0,BKGI
2023-01-10 00:00:00-05:00,24.92531967163086,24.92531967163086,24.92531967163086,24.92531967163086,0,0.0,0.0,0.0,BKGI
2023-01-11 00:00:00-05:00,25.193044941714327,25.228742599487305,25.193044941714327,25.228742599487305,400,0.0,0.0,0.0,BKGI
2023-01-12 00:00:00-05:00,25.497360229492188,25.497360229492188,25.497360229492188,25.497360229492188,0,0.0,0.0,0.0,BKGI
2023-01-13 00:00:00-05:00,25.406333923339844,25.406333923339844,25.406333923339844,25.406333923339844,100,0.0,0.0,0.0,BKGI
2023-01-17 00:00:00-05:00,25.481298446655273,25.481298446655273,25.481298446655273,25.481298446655273,0,0.0,0.0,0.0,BKGI
2023-01-18 00:00:00-05:00,25.272472381591797,25.272472381591797,25.272472381591797,25.272472381591797,300,0.0,0.0,0.0,BKGI
2023-01-19 00:00:00-05:00,25.252840042114258,25.252840042114258,25.252840042114258,25.252840042114258,0,0.0,0.0,0.0,BKGI
2023-01-20 00:00:00-05:00,25.37955997195057,25.469696044921875,25.37955997195057,25.469696044921875,7200,0.0,0.0,0.0,BKGI
2023-01-23 00:00:00-05:00,25.567863393784528,25.630332596531556,25.5053941910375,25.54555320739746,6200,0.0,0.0,0.0,BKGI
2023-01-24 00:00:00-05:00,25.534847259521484,25.534847259521484,25.534847259521484,25.534847259521484,100,0.0,0.0,0.0,BKGI
2023-01-25 00:00:00-05:00,25.358144760131836,25.358144760131836,25.358144760131836,25.358144760131836,0,0.0,0.0,0.0,BKGI
2023-01-26 00:00:00-05:00,25.380455017089844,25.380455017089844,25.380455017089844,25.380455017089844,100,0.0,0.0,0.0,BKGI
2023-01-27 00:00:00-05:00,25.412580490112305,25.412580490112305,25.412580490112305,25.412580490112305,0,0.0,0.0,0.0,BKGI
2023-01-30 00:00:00-05:00,25.1314697265625,25.1314697265625,25.1314697265625,25.1314697265625,100,0.0,0.0,0.0,BKGI
2023-01-31 00:00:00-05:00,25.406333923339844,25.406333923339844,25.406333923339844,25.406333923339844,0,0.0,0.0,0.0,BKGI
2023-02-01 00:00:00-05:00,25.344758056851603,25.53662872314453,25.344758056851603,25.53662872314453,100,0.0,0.0,0.0,BKGI
2023-02-02 00:00:00-05:00,25.728500658653946,25.728500658653946,25.622303009033203,25.622303009033203,100,0.0,0.0,0.0,BKGI
2023-02-03 00:00:00-05:00,25.282285260464956,25.282285260464956,25.201967239379883,25.201967239379883,100,0.0,0.0,0.0,BKGI
2023-02-06 00:00:00-05:00,25.072566986083984,25.072566986083984,25.072566986083984,25.072566986083984,100,0.0,0.0,0.0,BKGI
2023-02-07 00:00:00-05:00,25.023487720844052,25.17073631286621,25.023487720844052,25.17073631286621,100,0.0,0.0,0.0,BKGI
2023-02-08 00:00:00-05:00,24.96548080444336,24.96548080444336,24.96548080444336,24.96548080444336,100,0.0,0.0,0.0,BKGI
2023-02-09 00:00:00-05:00,24.961015633528504,24.961015633528504,24.796810150146484,24.796810150146484,500,0.0,0.0,0.0,BKGI
2023-02-10 00:00:00-05:00,24.898545440130068,24.952983856201172,24.897653509355845,24.952983856201172,2600,0.0,0.0,0.0,BKGI
2023-02-13 00:00:00-05:00,25.17519837677759,25.17519837677759,25.15824317932129,25.15824317932129,200,0.0,0.0,0.0,BKGI
2023-02-14 00:00:00-05:00,25.274257451649696,25.274257451649696,25.220712661743164,25.220712661743164,1000,0.0,0.0,0.0,BKGI
2023-02-15 00:00:00-05:00,25.344757149688245,25.353681564331055,25.34386521887138,25.353681564331055,600,0.0,0.0,0.0,BKGI
2023-02-16 00:00:00-05:00,25.278717041015625,25.278717041015625,25.278717041015625,25.278717041015625,100,0.0,0.0,0.0,BKGI
2023-02-17 00:00:00-05:00,25.389378304503616,25.398301016665624,25.261760711669922,25.261760711669922,200,0.0,0.0,0.0,BKGI
2023-02-21 00:00:00-05:00,24.987787880133567,25.02348553699815,24.952983856201172,24.952983856201172,1000,0.0,0.0,0.0,BKGI
2023-02-22 00:00:00-05:00,24.796810150146484,24.796810150146484,24.796810150146484,24.796810150146484,0,0.0,0.0,0.0,BKGI
2023-02-23 00:00:00-05:00,24.713816324882025,24.770038604736328,24.675441172011446,24.770038604736328,4000,0.0,0.0,0.0,BKGI
2023-02-24 00:00:00-05:00,24.55674934387207,24.55674934387207,24.55674934387207,24.55674934387207,100,0.0,0.0,0.0,BKGI
2023-02-27 00:00:00-05:00,24.595125611083326,24.648672103881836,24.595125611083326,24.648672103881836,100,0.0,0.0,0.0,BKGI
2023-02-28 00:00:00-05:00,24.53265380710657,24.53265380710657,24.441627502441406,24.441627502441406,900,0.0,0.0,0.0,BKGI
2023-03-01 00:00:00-05:00,24.443411082915688,24.550502353782434,24.34078287033731,24.470184326171875,3700,0.0,0.0,0.0,BKGI
2023-03-02 00:00:00-05:00,24.291701261491223,24.538902282714844,24.291701261491223,24.538902282714844,26900,0.0,0.0,0.0,BKGI
2023-03-03 00:00:00-05:00,24.739696502685547,24.739696502685547,24.739696502685547,24.739696502685547,0,0.0,0.0,0.0,BKGI
2023-03-06 00:00:00-05:00,24.75575934064292,24.934244228751286,24.75575934064292,24.87891387939453,1800,0.0,0.0,0.0,BKGI
2023-03-07 00:00:00-05:00,24.90300748917945,24.90300748917945,24.605831146240234,24.605831146240234,8100,0.0,0.0,0.0,BKGI
2023-03-08 00:00:00-05:00,24.60404812427058,24.66205596923828,24.60404812427058,24.66205596923828,300,0.0,0.0,0.0,BKGI
2023-03-09 00:00:00-05:00,24.586201530197705,24.586201530197705,24.28545570373535,24.28545570373535,2900,0.0,0.0,0.0,BKGI
2023-03-10 00:00:00-05:00,24.07216453552246,24.07216453552246,24.07216453552246,24.07216453552246,0,0.0,0.0,0.0,BKGI
2023-03-13 00:00:00-04:00,24.26492925124576,24.291700793833655,24.139097213745117,24.139097213745117,1000,0.0,0.0,0.0,BKGI
2023-03-14 00:00:00-04:00,24.38986840615849,24.50588239931106,24.38986840615849,24.496959686279297,400,0.0,0.0,0.0,BKGI
2023-03-15 00:00:00-04:00,23.80979311906844,23.893680572509766,23.71162626204131,23.893680572509766,2100,0.0,0.0,0.0,BKGI
2023-03-16 00:00:00-04:00,23.72055199963091,24.106077194213867,23.72055199963091,24.106077194213867,200,0.0,0.0,0.0,BKGI
2023-03-17 00:00:00-04:00,23.62238163727661,23.689313888549805,23.62238163727661,23.689313888549805,800,0.0,0.0,0.0,BKGI
2023-03-20 00:00:00-04:00,24.104294884919614,24.131068131551434,24.085554122924805,24.085554122924805,1600,0.0,0.0,0.0,BKGI
2023-03-21 00:00:00-04:00,24.47018475003127,24.604047564314897,24.363093477309544,24.395221710205078,800,0.0,0.0,0.0,BKGI
2023-03-22 00:00:00-04:00,24.1319580078125,24.1319580078125,24.1319580078125,24.1319580078125,0,0.0,0.0,0.0,BKGI
2023-03-23 00:00:00-04:00,23.907066345214844,23.907066345214844,23.907066345214844,23.907066345214844,0,0.0,0.0,0.0,BKGI
2023-03-24 00:00:00-04:00,23.756246435057108,23.829423904418945,23.756246435057108,23.829423904418945,1600,0.0,0.0,0.0,BKGI
2023-03-27 00:00:00-04:00,24.13820457458496,24.13820457458496,24.13820457458496,24.13820457458496,0,0.0,0.0,0.0,BKGI
2023-03-28 00:00:00-04:00,24.229230669785533,24.229230669785533,24.189071655273438,24.189071655273438,300,0.0,0.0,0.0,BKGI
2023-03-29 00:00:00-04:00,24.452335571318585,24.50588035583496,24.452335571318585,24.50588035583496,2400,0.0,0.0,0.0,BKGI
2023-03-30 00:00:00-04:00,24.81822995977525,24.81822995977525,24.76468517114462,24.803058624267578,145400,0.0,0.0,0.0,BKGI
2023-03-31 00:00:00-04:00,24.871774747201957,24.92531953216553,24.867311688862813,24.907470703125,4100,0.0,0.0,0.0,BKGI
2023-04-03 00:00:00-04:00,24.934417712724873,24.9793277217993,24.907470679356,24.96136474609375,1700,0.18,0.0,0.0,BKGI
2023-04-04 00:00:00-04:00,25.015255407652063,25.023338317871094,25.015255407652063,25.023338317871094,3700,0.0,0.0,0.0,BKGI
2023-04-05 00:00:00-04:00,25.257774359679647,25.307174682617188,25.235317642736167,25.307174682617188,1000,0.0,0.0,0.0,BKGI
2023-04-06 00:00:00-04:00,25.58921477035235,25.5901124908026,25.4742431640625,25.4742431640625,3000,0.0,0.0,0.0,BKGI
2023-04-10 00:00:00-04:00,25.58112970578037,25.58112970578037,25.455380316633942,25.522747039794922,6100,0.0,0.0,0.0,BKGI
2023-04-11 00:00:00-04:00,25.76975840917082,26.057186595755876,25.73382902924412,25.8955078125,4400,0.0,0.0,0.0,BKGI
2023-04-12 00:00:00-04:00,26.299703483336756,26.326648803755745,25.886524200439453,25.886524200439453,3900,0.0,0.0,0.0,BKGI
2023-04-13 00:00:00-04:00,25.86855674320306,25.966463088989258,25.86855674320306,25.966463088989258,1900,0.0,0.0,0.0,BKGI
2023-04-14 00:00:00-04:00,25.73382610612139,25.73382610612139,25.626041404998897,25.672748565673828,4700,0.0,0.0,0.0,BKGI
2023-04-17 00:00:00-04:00,25.66196822906365,25.728435516357422,25.66196822906365,25.728435516357422,2300,0.0,0.0,0.0,BKGI
2023-04-18 00:00:00-04:00,25.626040571574986,25.78771761800058,25.626040571574986,25.67184829711914,2900,0.0,0.0,0.0,BKGI
2023-04-19 00:00:00-04:00,25.697897163626937,25.757179260253906,25.697897163626937,25.757179260253906,1600,0.0,0.0,0.0,BKGI
2023-04-20 00:00:00-04:00,25.604488372802734,25.604488372802734,25.604488372802734,25.604488372802734,100,0.0,0.0,0.0,BKGI
2023-04-21 00:00:00-04:00,25.650291429689528,25.74370574951172,25.650291429689528,25.74370574951172,1100,0.0,0.0,0.0,BKGI
2023-04-24 00:00:00-04:00,25.69789950770769,25.718557357788086,25.69789950770769,25.718557357788086,200,0.0,0.0,0.0,BKGI
2023-04-25 00:00:00-04:00,25.401488851146897,25.53622058895666,25.369152069091797,25.369152069091797,500,0.0,0.0,0.0,BKGI
2023-04-26 00:00:00-04:00,25.464365436916086,25.464365436916086,25.40687877189086,25.452688217163086,400,0.0,0.0,0.0,BKGI
2023-04-27 00:00:00-04:00,25.69790325629436,25.865869522094727,25.69790325629436,25.865869522094727,1100,0.0,0.0,0.0,BKGI
2023-04-28 00:00:00-04:00,25.805687896824367,26.17934525103428,25.805687896824367,26.138925552368164,800,0.0,0.0,0.0,BKGI
2023-05-01 00:00:00-04:00,25.994311018995692,26.1380251074501,25.97634632963712,25.985328674316406,1200,0.0,0.0,0.0,BKGI
2023-05-02 00:00:00-04:00,25.724843343005258,25.724843343005258,25.6673583984375,25.6673583984375,800,0.0,0.0,0.0,BKGI
2023-05-03 00:00:00-04:00,25.67095033622648,26.415570001323676,25.67095033622648,25.806581497192383,2000,0.0,0.0,0.0,BKGI
2023-05-04 00:00:00-04:00,25.599096914376293,25.683528900146484,25.599096914376293,25.683528900146484,400,0.0,0.0,0.0,BKGI
2023-05-05 00:00:00-04:00,25.724846660010336,26.08413360611007,25.724846660010336,26.008682250976562,3900,0.0,0.0,0.0,BKGI
2023-05-08 00:00:00-04:00,26.01227300109337,26.77845001220703,25.940415959612167,26.77845001220703,600,0.0,0.0,0.0,BKGI
2023-05-09 00:00:00-04:00,25.868560753167376,26.03023953627083,25.841615431454887,26.008682250976562,3300,0.0,0.0,0.0,BKGI
2023-05-10 00:00:00-04:00,25.958382058119227,26.021256758679215,25.931436736854717,26.000598907470703,2400,0.0,0.0,0.0,BKGI
2023-05-11 00:00:00-04:00,25.769758224487305,25.769758224487305,25.769758224487305,25.769758224487305,100,0.0,0.0,0.0,BKGI
2023-05-12 00:00:00-04:00,25.733825257535123,25.805682293649575,25.71586057020479,25.765262603759766,1900,0.0,0.0,0.0,BKGI
2023-05-15 00:00:00-04:00,25.684425354003906,25.684425354003906,25.684425354003906,25.684425354003906,0,0.0,0.0,0.0,BKGI
2023-05-16 00:00:00-04:00,25.482332505066033,25.482332505066033,25.30807876586914,25.30807876586914,600,0.0,0.0,0.0,BKGI
2023-05-17 00:00:00-04:00,25.309873580932617,25.309873580932617,25.309873580932617,25.309873580932617,0,0.0,0.0,0.0,BKGI
2023-05-18 00:00:00-04:00,25.1517872365401,25.185919461877074,25.069150691384802,25.159870147705078,2800,0.0,0.0,0.0,BKGI
2023-05-19 00:00:00-04:00,25.374542687693125,25.374542687693125,25.259571075439453,25.259571075439453,1000,0.0,0.0,0.0,BKGI
2023-05-22 00:00:00-04:00,25.123040068799,25.23980882544628,25.123040068799,25.22723388671875,4200,0.0,0.0,0.0,BKGI
2023-05-23 00:00:00-04:00,25.18591798367478,25.338612698390737,25.148191452026367,25.148191452026367,700,0.0,0.0,0.0,BKGI
2023-05-24 00:00:00-04:00,24.97034347914773,24.97034347914773,24.934415817260742,24.934415817260742,200,0.0,0.0,0.0,BKGI
2023-05-25 00:00:00-04:00,24.80866990040028,24.80866990040028,24.494294677190197,24.592199325561523,1200,0.0,0.0,0.0,BKGI
2023-05-26 00:00:00-04:00,24.615553974244037,24.655973670617133,24.594894409179688,24.594894409179688,500,0.0,0.0,0.0,BKGI
2023-05-30 00:00:00-04:00,24.521240623711574,24.629924774169922,24.521240623711574,24.629924774169922,900,0.0,0.0,0.0,BKGI
2023-05-31 00:00:00-04:00,24.377524233115878,24.56794548034668,24.377524233115878,24.56794548034668,1100,0.0,0.0,0.0,BKGI
2023-06-01 00:00:00-04:00,24.691897483930894,24.781719207763672,24.691897483930894,24.781719207763672,1000,0.0,0.0,0.0,BKGI
2023-06-02 00:00:00-04:00,24.709860469598837,24.981121063232422,24.709860469598837,24.981121063232422,1000,0.0,0.0,0.0,BKGI
2023-06-05 00:00:00-04:00,25.00447654724121,25.00447654724121,25.00447654724121,25.00447654724121,0,0.0,0.0,0.0,BKGI
2023-06-06 00:00:00-04:00,25.198490142822266,25.198490142822266,25.198490142822266,25.198490142822266,0,0.0,0.0,0.0,BKGI
2023-06-07 00:00:00-04:00,25.406877517700195,25.406877517700195,25.406877517700195,25.406877517700195,0,0.0,0.0,0.0,BKGI
2023-06-08 00:00:00-04:00,25.515562057495117,25.515562057495117,25.515562057495117,25.515562057495117,100,0.0,0.0,0.0,BKGI
2023-06-09 00:00:00-04:00,25.46436438843828,25.46436438843828,25.39969253540039,25.39969253540039,700,0.0,0.0,0.0,BKGI
2023-06-12 00:00:00-04:00,25.53622249584085,25.53622249584085,25.405981063842773,25.405981063842773,200,0.0,0.0,0.0,BKGI
2023-06-13 00:00:00-04:00,25.372745513916016,25.372745513916016,25.372745513916016,25.372745513916016,100,0.0,0.0,0.0,BKGI
2023-06-14 00:00:00-04:00,25.469751358032227,25.469751358032227,25.469751358032227,25.469751358032227,100,0.0,0.0,0.0,BKGI
2023-06-15 00:00:00-04:00,25.682628631591797,25.682628631591797,25.682628631591797,25.682628631591797,100,0.0,0.0,0.0,BKGI
2023-06-16 00:00:00-04:00,25.748201370239258,25.748201370239258,25.748201370239258,25.748201370239258,500,0.0,0.0,0.0,BKGI
2023-06-20 00:00:00-04:00,25.580232620239258,25.580232620239258,25.580232620239258,25.580232620239258,100,0.0,0.0,0.0,BKGI
2023-06-21 00:00:00-04:00,25.59011228363088,25.59011228363088,25.491308212280273,25.491308212280273,100,0.0,0.0,0.0,BKGI
2023-06-22 00:00:00-04:00,25.33502197265625,25.33502197265625,25.33502197265625,25.33502197265625,200,0.0,0.0,0.0,BKGI
2023-06-23 00:00:00-04:00,25.54071160543266,25.54071160543266,25.020647048950195,25.020647048950195,400,0.0,0.0,0.0,BKGI
2023-06-26 00:00:00-04:00,25.1715458784047,25.175138473510742,25.1715458784047,25.175138473510742,1300,0.0,0.0,0.0,BKGI
2023-06-27 00:00:00-04:00,25.428434371948242,25.428434371948242,25.428434371948242,25.428434371948242,400,0.0,0.0,0.0,BKGI
2023-06-28 00:00:00-04:00,25.326038360595703,25.326038360595703,25.326038360595703,25.326038360595703,100,0.0,0.0,0.0,BKGI
2023-06-29 00:00:00-04:00,25.473347781864003,25.473347781864003,25.452688217163086,25.452688217163086,200,0.0,0.0,0.0,BKGI
2023-06-30 00:00:00-04:00,25.702388763427734,25.702388763427734,25.702388763427734,25.702388763427734,0,0.0,0.0,0.0,BKGI
2023-07-03 00:00:00-04:00,25.832561492919922,25.832561492919922,25.832561492919922,25.832561492919922,300,0.577,0.0,0.0,BKGI
2023-07-05 00:00:00-04:00,25.745472576059605,25.745472576059605,25.612552642822266,25.612552642822266,100,0.0,0.0,0.0,BKGI
2023-07-06 00:00:00-04:00,25.181704367986512,25.273374557495117,25.172537174189305,25.273374557495117,600,0.0,0.0,0.0,BKGI
2023-07-07 00:00:00-04:00,25.20003812885752,25.420045529128547,25.181703741719087,25.355876922607422,2500,0.0,0.0,0.0,BKGI
2023-07-10 00:00:00-04:00,25.383378503315072,25.383378503315072,25.300875509655516,25.355876922607422,1600,0.0,0.0,0.0,BKGI
2023-07-11 00:00:00-04:00,25.511719885790004,25.625391006469727,25.511719885790004,25.625391006469727,200,0.0,0.0,0.0,BKGI
2023-07-12 00:00:00-04:00,25.983814239501953,25.983814239501953,25.983814239501953,25.983814239501953,100,0.0,0.0,0.0,BKGI
2023-07-13 00:00:00-04:00,26.237741470336914,26.237741470336914,26.237741470336914,26.237741470336914,0,0.0,0.0,0.0,BKGI
2023-07-14 00:00:00-04:00,26.029651641845703,26.029651641845703,26.029651641845703,26.029651641845703,100,0.0,0.0,0.0,BKGI
2023-07-17 00:00:00-04:00,25.91689682006836,25.91689682006836,25.91689682006836,25.91689682006836,0,0.0,0.0,0.0,BKGI
2023-07-18 00:00:00-04:00,25.99664878845215,25.99664878845215,25.99664878845215,25.99664878845215,100,0.0,0.0,0.0,BKGI
2023-07-19 00:00:00-04:00,26.247827529907227,26.247827529907227,26.247827529907227,26.247827529907227,0,0.0,0.0,0.0,BKGI
2023-07-20 00:00:00-04:00,26.369749069213867,26.369749069213867,26.369749069213867,26.369749069213867,100,0.0,0.0,0.0,BKGI
2023-07-21 00:00:00-04:00,26.527420043945312,26.527420043945312,26.527420043945312,26.527420043945312,100,0.0,0.0,0.0,BKGI
2023-07-24 00:00:00-04:00,26.582422256469727,26.582422256469727,26.582422256469727,26.582422256469727,100,0.0,0.0,0.0,BKGI
2023-07-25 00:00:00-04:00,26.487085342407227,26.487085342407227,26.487085342407227,26.487085342407227,100,0.0,0.0,0.0,BKGI
2023-07-26 00:00:00-04:00,26.52283477783203,26.52283477783203,26.52283477783203,26.52283477783203,0,0.0,0.0,0.0,BKGI
2023-07-27 00:00:00-04:00,26.136903762817383,26.136903762817383,26.136903762817383,26.136903762817383,0,0.0,0.0,0.0,BKGI
2023-07-28 00:00:00-04:00,26.245076624488114,26.245994567871094,26.245076624488114,26.245994567871094,300,0.0,0.0,0.0,BKGI
2023-07-31 00:00:00-04:00,26.267993927001953,26.267993927001953,26.267993927001953,26.267993927001953,1000,0.0,0.0,0.0,BKGI
2023-08-01 00:00:00-04:00,25.970066548044556,25.997568130493164,25.92423232576038,25.997568130493164,1300,0.0,0.0,0.0,BKGI
2023-08-02 00:00:00-04:00,25.57221794128418,25.57221794128418,25.57221794128418,25.57221794128418,100,0.0,0.0,0.0,BKGI
2023-08-03 00:00:00-04:00,25.446632385253906,25.446632385253906,25.446632385253906,25.446632385253906,100,0.0,0.0,0.0,BKGI
2023-08-04 00:00:00-04:00,25.6033847161289,25.6033847161289,25.300874336228418,25.357709884643555,700,0.0,0.0,0.0,BKGI
2023-08-07 00:00:00-04:00,25.427379608154297,25.427379608154297,25.427379608154297,25.427379608154297,100,0.0,0.0,0.0,BKGI
2023-08-08 00:00:00-04:00,25.28254508972168,25.28254508972168,25.28254508972168,25.28254508972168,500,0.0,0.0,0.0,BKGI
2023-08-09 00:00:00-04:00,25.456714630126953,25.456714630126953,25.456714630126953,25.456714630126953,800,0.0,0.0,0.0,BKGI
2023-08-10 00:00:00-04:00,25.612554388010324,25.612554388010324,25.525466918945312,25.525466918945312,400,0.0,0.0,0.0,BKGI
2023-08-11 00:00:00-04:00,25.463132858276367,25.463132858276367,25.463132858276367,25.463132858276367,100,0.0,0.0,0.0,BKGI
2023-08-14 00:00:00-04:00,25.429214477539062,25.429214477539062,25.429214477539062,25.429214477539062,300,0.0,0.0,0.0,BKGI
2023-08-15 00:00:00-04:00,25.117538452148438,25.117538452148438,25.117538452148438,25.117538452148438,500,0.0,0.0,0.0,BKGI
2023-08-16 00:00:00-04:00,24.9341983795166,24.9341983795166,24.9341983795166,24.9341983795166,500,0.0,0.0,0.0,BKGI
2023-08-17 00:00:00-04:00,24.8388614654541,24.8388614654541,24.8388614654541,24.8388614654541,100,0.0,0.0,0.0,BKGI
2023-08-18 00:00:00-04:00,24.843446731567383,24.843446731567383,24.843446731567383,24.843446731567383,100,0.0,0.0,0.0,BKGI
2023-08-21 00:00:00-04:00,24.8370304107666,24.8370304107666,24.8370304107666,24.8370304107666,0,0.0,0.0,0.0,BKGI
2023-08-22 00:00:00-04:00,24.768272399902344,24.768272399902344,24.768272399902344,24.768272399902344,100,0.0,0.0,0.0,BKGI
2023-08-23 00:00:00-04:00,24.769190457315453,24.976364135742188,24.769190457315453,24.976364135742188,400,0.0,0.0,0.0,BKGI
2023-08-24 00:00:00-04:00,25.023119679043315,25.023119679043315,24.87002944946289,24.87002944946289,1400,0.0,0.0,0.0,BKGI
2023-08-25 00:00:00-04:00,25.093704223632812,25.093704223632812,25.093704223632812,25.093704223632812,0,0.0,0.0,0.0,BKGI
2023-08-28 00:00:00-04:00,25.277042388916016,25.277042388916016,25.277042388916016,25.277042388916016,100,0.0,0.0,0.0,BKGI
2023-08-29 00:00:00-04:00,25.54838752746582,25.54838752746582,25.54838752746582,25.54838752746582,0,0.0,0.0,0.0,BKGI
2023-08-30 00:00:00-04:00,25.538301467895508,25.538301467895508,25.538301467895508,25.538301467895508,0,0.0,0.0,0.0,BKGI
2023-08-31 00:00:00-04:00,25.43837912712136,25.43837912712136,25.42462921142578,25.42462921142578,200,0.0,0.0,0.0,BKGI
2023-09-01 00:00:00-04:00,25.420045852661133,25.420045852661133,25.420045852661133,25.420045852661133,100,0.0,0.0,0.0,BKGI
2023-09-05 00:00:00-04:00,25.070785522460938,25.070785522460938,25.070785522460938,25.070785522460938,0,0.0,0.0,0.0,BKGI
2023-09-06 00:00:00-04:00,24.850778579711914,24.850778579711914,24.850778579711914,24.850778579711914,100,0.0,0.0,0.0,BKGI
2023-09-07 00:00:00-04:00,25.00386619567871,25.00386619567871,25.00386619567871,25.00386619567871,0,0.0,0.0,0.0,BKGI
2023-09-08 00:00:00-04:00,25.117536355174252,25.145954132080078,25.117536355174252,25.145954132080078,1200,0.0,0.0,0.0,BKGI
2023-09-11 00:00:00-04:00,25.291709899902344,25.291709899902344,25.291709899902344,25.291709899902344,100,0.0,0.0,0.0,BKGI
2023-09-12 00:00:00-04:00,25.43838119506836,25.43838119506836,25.43838119506836,25.43838119506836,0,0.0,0.0,0.0,BKGI
2023-09-13 00:00:00-04:00,25.382463455200195,25.382463455200195,25.382463455200195,25.382463455200195,0,0.0,0.0,0.0,BKGI
2023-09-14 00:00:00-04:00,25.685889724271046,25.745473861694336,25.685889724271046,25.745473861694336,1200,0.0,0.0,0.0,BKGI
2023-09-15 00:00:00-04:00,25.63088607788086,25.63088607788086,25.63088607788086,25.63088607788086,100,0.0,0.0,0.0,BKGI
2023-09-18 00:00:00-04:00,25.70422566769593,25.70422566769593,25.636388778686523,25.636388778686523,200,0.0,0.0,0.0,BKGI
2023-09-19 00:00:00-04:00,25.59605598449707,25.59605598449707,25.59605598449707,25.59605598449707,0,0.0,0.0,0.0,BKGI
2023-09-20 00:00:00-04:00,25.57130241394043,25.57130241394043,25.57130241394043,25.57130241394043,100,0.0,0.0,0.0,BKGI
2023-09-21 00:00:00-04:00,25.202789306640625,25.202789306640625,25.202789306640625,25.202789306640625,100,0.0,0.0,0.0,BKGI
2023-09-22 00:00:00-04:00,25.08820343017578,25.08820343017578,25.08820343017578,25.08820343017578,100,0.0,0.0,0.0,BKGI
2023-09-25 00:00:00-04:00,24.972700119018555,24.972700119018555,24.972700119018555,24.972700119018555,0,0.0,0.0,0.0,BKGI
2023-09-26 00:00:00-04:00,24.580350875854492,24.580350875854492,24.580350875854492,24.580350875854492,100,0.0,0.0,0.0,BKGI
2023-09-27 00:00:00-04:00,24.089916229248047,24.089916229248047,24.089916229248047,24.089916229248047,100,0.0,0.0,0.0,BKGI
2023-09-28 00:00:00-04:00,23.87816047668457,23.87816047668457,23.87816047668457,23.87816047668457,100,0.0,0.0,0.0,BKGI
2023-09-29 00:00:00-04:00,23.858909606933594,23.858909606933594,23.858909606933594,23.858909606933594,100,0.0,0.0,0.0,BKGI
2023-10-02 00:00:00-04:00,23.07887077331543,23.07887077331543,23.07887077331543,23.07887077331543,100,0.273,0.0,0.0,BKGI
2023-10-03 00:00:00-04:00,22.817617416381836,22.817617416381836,22.817617416381836,22.817617416381836,100,0.0,0.0,0.0,BKGI
2023-10-04 00:00:00-04:00,22.8815405569486,22.8815405569486,22.876909255981445,22.876909255981445,4000,0.0,0.0,0.0,BKGI
2023-10-05 00:00:00-04:00,22.913965225219727,22.913965225219727,22.913965225219727,22.913965225219727,0,0.0,0.0,0.0,BKGI
2023-10-06 00:00:00-04:00,23.354938507080078,23.354938507080078,23.354938507080078,23.354938507080078,100,0.0,0.0,0.0,BKGI
2023-10-09 00:00:00-04:00,23.51891326904297,23.51891326904297,23.51891326904297,23.51891326904297,0,0.0,0.0,0.0,BKGI
2023-10-10 00:00:00-04:00,23.873730979072377,23.88762664794922,23.873730979072377,23.88762664794922,1200,0.0,0.0,0.0,BKGI
2023-10-11 00:00:00-04:00,24.068280367824865,24.068280367824865,24.06272315979004,24.06272315979004,1400,0.0,0.0,0.0,BKGI
2023-10-12 00:00:00-04:00,23.706050872802734,23.706050872802734,23.706050872802734,23.706050872802734,100,0.0,0.0,0.0,BKGI
2023-10-13 00:00:00-04:00,23.793132781982422,23.793132781982422,23.793132781982422,23.793132781982422,100,0.0,0.0,0.0,BKGI
2023-10-16 00:00:00-04:00,24.03770637512207,24.03770637512207,24.03770637512207,24.03770637512207,100,0.0,0.0,0.0,BKGI
2023-10-17 00:00:00-04:00,24.04789714411719,24.04789714411719,24.0238094329834,24.0238094329834,600,0.0,0.0,0.0,BKGI
2023-10-18 00:00:00-04:00,23.782943725585938,23.782943725585938,23.782943725585938,23.782943725585938,100,0.0,0.0,0.0,BKGI
2023-10-19 00:00:00-04:00,23.60877799987793,23.60877799987793,23.60877799987793,23.60877799987793,0,0.0,0.0,0.0,BKGI
2023-10-20 00:00:00-04:00,23.43461036682129,23.43461036682129,23.43461036682129,23.43461036682129,100,0.0,0.0,0.0,BKGI
2023-10-23 00:00:00-04:00,23.323444366455078,23.323444366455078,23.323444366455078,23.323444366455078,100,0.0,0.0,0.0,BKGI
2023-10-24 00:00:00-04:00,23.689374923706055,23.689374923706055,23.689374923706055,23.689374923706055,0,0.0,0.0,0.0,BKGI
2023-10-25 00:00:00-04:00,23.574501037597656,23.574501037597656,23.574501037597656,23.574501037597656,0,0.0,0.0,0.0,BKGI
2023-10-26 00:00:00-04:00,23.705127716064453,23.705127716064453,23.705127716064453,23.705127716064453,0,0.0,0.0,0.0,BKGI
2023-10-27 00:00:00-04:00,23.44387435913086,23.44387435913086,23.44387435913086,23.44387435913086,100,0.0,0.0,0.0,BKGI
2023-10-30 00:00:00-04:00,23.72550659510495,23.72550659510495,23.654172897338867,23.654172897338867,400,0.0,0.0,0.0,BKGI
2023-10-31 00:00:00-04:00,23.799619286434698,23.8616886138916,23.799619286434698,23.8616886138916,800,0.0,0.0,0.0,BKGI
2023-11-01 00:00:00-04:00,24.02751922607422,24.02751922607422,24.02751922607422,24.02751922607422,0,0.0,0.0,0.0,BKGI
2023-11-02 00:00:00-04:00,24.474977155560605,24.561132431030273,24.474977155560605,24.561132431030273,900,0.0,0.0,0.0,BKGI
2023-11-03 00:00:00-04:00,24.721403121948242,24.721403121948242,24.721403121948242,24.721403121948242,100,0.0,0.0,0.0,BKGI
2023-11-06 00:00:00-05:00,24.605601628875196,24.605601628875196,24.577810287475586,24.577810287475586,400,0.0,0.0,0.0,BKGI
2023-11-07 00:00:00-05:00,24.46571159362793,24.46571159362793,24.46571159362793,24.46571159362793,0,0.0,0.0,0.0,BKGI
2023-11-08 00:00:00-05:00,24.335086822509766,24.335086822509766,24.335086822509766,24.335086822509766,100,0.0,0.0,0.0,BKGI
2023-11-09 00:00:00-05:00,24.158143997192383,24.158143997192383,24.158143997192383,24.158143997192383,0,0.0,0.0,0.0,BKGI
2023-11-10 00:00:00-05:00,24.346205577380353,24.346205577380353,24.262828021838132,24.29895782470703,1400,0.0,0.0,0.0,BKGI
2023-11-13 00:00:00-05:00,24.160923384214318,24.25078582763672,24.160923384214318,24.25078582763672,300,0.0,0.0,0.0,BKGI
2023-11-14 00:00:00-05:00,24.963197708129883,24.963197708129883,24.963197708129883,24.963197708129883,0,0.0,0.0,0.0,BKGI
2023-11-15 00:00:00-05:00,25.065099716186523,25.065099716186523,25.065099716186523,25.065099716186523,100,0.0,0.0,0.0,BKGI
2023-11-16 00:00:00-05:00,24.98172378540039,24.98172378540039,24.98172378540039,24.98172378540039,100,0.0,0.0,0.0,BKGI
2023-11-17 00:00:00-05:00,25.221668243408203,25.221668243408203,25.221668243408203,25.221668243408203,100,0.0,0.0,0.0,BKGI
2023-11-20 00:00:00-05:00,25.29485511779785,25.29485511779785,25.29485511779785,25.29485511779785,100,0.0,0.0,0.0,BKGI
2023-11-21 00:00:00-05:00,25.226301193237305,25.226301193237305,25.226301193237305,25.226301193237305,0,0.0,0.0,0.0,BKGI
2023-11-22 00:00:00-05:00,25.267990112304688,25.267990112304688,25.267990112304688,25.267990112304688,100,0.0,0.0,0.0,BKGI
2023-11-24 00:00:00-05:00,25.49681282043457,25.49681282043457,25.49681282043457,25.49681282043457,0,0.0,0.0,0.0,BKGI
2023-11-27 00:00:00-05:00,25.51811981201172,25.51811981201172,25.51811981201172,25.51811981201172,400,0.0,0.0,0.0,BKGI
2023-11-28 00:00:00-05:00,25.64504051208496,25.64504051208496,25.64504051208496,25.64504051208496,100,0.0,0.0,0.0,BKGI
2023-11-29 00:00:00-05:00,25.669126510620117,25.669126510620117,25.669126510620117,25.669126510620117,0,0.0,0.0,0.0,BKGI
2023-11-30 00:00:00-05:00,25.59686534525181,25.682096481323242,25.57833837392997,25.682096481323242,3200,0.0,0.0,0.0,BKGI
2023-12-01 00:00:00-05:00,25.99707794189453,25.99707794189453,25.99707794189453,25.99707794189453,100,0.0,0.0,0.0,BKGI
2023-12-04 00:00:00-05:00,25.921112060546875,25.921112060546875,25.921112060546875,25.921112060546875,300,0.0,0.0,0.0,BKGI
2023-12-05 00:00:00-05:00,25.884056091308594,25.884056091308594,25.865527352557294,25.884056091308594,1300,0.0,0.0,0.0,BKGI
2023-12-06 00:00:00-05:00,25.847000122070312,25.847000122070312,25.847000122070312,25.847000122070312,700,0.0,0.0,0.0,BKGI
2023-12-07 00:00:00-05:00,25.952612595576166,25.952612595576166,25.874794006347656,25.874794006347656,700,0.0,0.0,0.0,BKGI
2023-12-08 00:00:00-05:00,25.958171207675605,25.97206687927246,25.935011166014878,25.97206687927246,400,0.0,0.0,0.0,BKGI
2023-12-11 00:00:00-05:00,25.884056091308594,25.884056091308594,25.884056091308594,25.884056091308594,400,0.0,0.0,0.0,BKGI
2023-12-12 00:00:00-05:00,25.791414260864258,25.791414260864258,25.791414260864258,25.791414260864258,300,0.0,0.0,0.0,BKGI
2023-12-13 00:00:00-05:00,26.310205459594727,26.310205459594727,26.310205459594727,26.310205459594727,500,0.0,0.0,0.0,BKGI
2023-12-14 00:00:00-05:00,26.449167251586914,26.449167251586914,26.449167251586914,26.449167251586914,600,0.0,0.0,0.0,BKGI
2023-12-15 00:00:00-05:00,26.148083187336933,26.148083187336933,26.057294845581055,26.057294845581055,100,0.0,0.0,0.0,BKGI
2023-12-18 00:00:00-05:00,25.94056510925293,25.94056510925293,25.94056510925293,25.94056510925293,100,0.0,0.0,0.0,BKGI
2023-12-19 00:00:00-05:00,26.136964797973633,26.136964797973633,26.136964797973633,26.136964797973633,0,0.0,0.0,0.0,BKGI
2023-12-20 00:00:00-05:00,26.134185648152588,26.134185648152588,25.788633346557617,25.788633346557617,1200,0.0,0.0,0.0,BKGI
2023-12-21 00:00:00-05:00,26.097131729125977,26.097131729125977,26.097131729125977,26.097131729125977,1900,0.0,0.0,0.0,BKGI
2023-12-22 00:00:00-05:00,26.328734706114876,26.328734706114876,26.20181655883789,26.20181655883789,2400,0.0,0.0,0.0,BKGI
2023-12-26 00:00:00-05:00,26.370420455932617,26.370420455932617,26.370420455932617,26.370420455932617,100,0.0,0.0,0.0,BKGI
2023-12-27 00:00:00-05:00,26.28911377096933,26.294721603393555,26.28911377096933,26.294721603393555,600,0.248,0.0,0.0,BKGI
2023-12-28 00:00:00-05:00,26.255474090576172,26.255474090576172,26.255474090576172,26.255474090576172,100,0.0,0.0,0.0,BKGI
2023-12-29 00:00:00-05:00,26.223696398819502,26.476027481025355,26.223696398819502,26.251733779907227,136500,0.0,0.0,0.0,BKGI
2024-01-02 00:00:00-05:00,26.447990786204834,26.447990786204834,26.3311710357666,26.3311710357666,500,0.0,0.0,0.0,BKGI
2024-01-03 00:00:00-05:00,26.251734145664386,26.405935287475586,26.251734145664386,26.405935287475586,900,0.0,0.0,0.0,BKGI
2024-01-04 00:00:00-05:00,26.466682425883192,27.335821656049227,26.261080306419544,26.28911590576172,6400,0.0,0.0,0.0,BKGI
2024-01-05 00:00:00-05:00,26.541444874796007,26.550790668006137,26.3078053921261,26.457334518432617,75000,0.0,0.0,0.0,BKGI
2024-01-08 00:00:00-05:00,26.50406608098054,26.714340209960938,26.50406608098054,26.714340209960938,400,0.0,0.0,0.0,BKGI
2024-01-09 00:00:00-05:00,26.485373465396282,26.485373465396282,26.465747833251953,26.465747833251953,400,0.0,0.0,0.0,BKGI
2024-01-10 00:00:00-05:00,26.307807856485702,26.364816665649414,26.261080668585713,26.364816665649414,44100,0.0,0.0,0.0,BKGI
2024-01-11 00:00:00-05:00,26.09285938017655,26.186315536499023,26.06482199852143,26.186315536499023,2500,0.0,0.0,0.0,BKGI
2024-01-12 00:00:00-05:00,26.345190669501932,26.362946430250112,26.261080306419544,26.28911590576172,2700,0.0,0.0,0.0,BKGI
2024-01-16 00:00:00-05:00,26.140524620891714,26.140524620891714,26.009685277884138,26.111553192138672,1900,0.0,0.0,0.0,BKGI
2024-01-17 00:00:00-05:00,25.448017094378176,25.905950357737765,25.448017094378176,25.803150177001953,3000,0.0,0.0,0.0,BKGI
2024-01-18 00:00:00-05:00,25.70034714991518,25.756420135498047,25.59754519090654,25.756420135498047,2300,0.0,0.0,0.0,BKGI
2024-01-19 00:00:00-05:00,25.74707434081289,25.756420135498047,25.74707434081289,25.756420135498047,600,0.0,0.0,0.0,BKGI
2024-01-22 00:00:00-05:00,25.88725985535546,25.898473739624023,25.88725985535546,25.898473739624023,800,0.0,0.0,0.0,BKGI
2024-01-23 00:00:00-05:00,25.826513290405273,25.826513290405273,25.826513290405273,25.826513290405273,100,0.0,0.0,0.0,BKGI
2024-01-24 00:00:00-05:00,25.75361442565918,25.75361442565918,25.75361442565918,25.75361442565918,100,0.0,0.0,0.0,BKGI
2024-01-25 00:00:00-05:00,25.99660045653354,26.064823150634766,25.99660045653354,26.064823150634766,300,0.0,0.0,0.0,BKGI
2024-01-26 00:00:00-05:00,26.233041354113013,26.233041354113013,26.0928580182104,26.105941772460938,4900,0.0,0.0,0.0,BKGI
2024-01-29 00:00:00-05:00,25.81249248344643,26.08070945739746,25.81249248344643,26.08070945739746,800,0.0,0.0,0.0,BKGI
2024-01-30 00:00:00-05:00,25.99940202918113,26.06108283996582,25.98071044226993,26.06108283996582,2200,0.0,0.0,0.0,BKGI
2024-01-31 00:00:00-05:00,25.933981862131898,25.933981862131898,25.914356231689453,25.914356231689453,200,0.0,0.0,0.0,BKGI
2024-02-01 00:00:00-05:00,26.120899333052858,26.1844482421875,26.103141788164937,26.1844482421875,600,0.0,0.0,0.0,BKGI
2024-02-02 00:00:00-05:00,25.924638293208837,25.924638293208837,25.8395938873291,25.8395938873291,300,0.0,0.0,0.0,BKGI
2024-02-05 00:00:00-05:00,25.532126496492502,25.532126496492502,25.52465057373047,25.52465057373047,100,0.0,0.0,0.0,BKGI
2024-02-06 00:00:00-05:00,25.513434051845405,25.521845801566787,25.487266540527344,25.487266540527344,2000,0.0,0.0,0.0,BKGI
2024-02-07 00:00:00-05:00,25.419978742676392,25.42558479309082,25.419978742676392,25.42558479309082,200,0.0,0.0,0.0,BKGI
2024-02-08 00:00:00-05:00,25.20596604028133,25.21063804626465,25.186340406600916,25.21063804626465,400,0.0,0.0,0.0,BKGI
2024-02-09 00:00:00-05:00,25.15830104340485,25.186338424682617,25.15830104340485,25.186338424682617,200,0.0,0.0,0.0,BKGI
2024-02-12 00:00:00-05:00,25.421846389770508,25.421846389770508,25.421846389770508,25.421846389770508,100,0.0,0.0,0.0,BKGI
2024-02-13 00:00:00-05:00,25.148953932107183,25.251755875545363,24.99381697238129,25.06390953063965,1300,0.0,0.0,0.0,BKGI
2024-02-14 00:00:00-05:00,25.167649099843068,25.18634068904203,25.162975311279297,25.162975311279297,31700,0.0,0.0,0.0,BKGI
2024-02-15 00:00:00-05:00,25.68539047241211,25.68539047241211,25.68539047241211,25.68539047241211,100,0.0,0.0,0.0,BKGI
2024-02-16 00:00:00-05:00,25.60875701904297,25.60875701904297,25.60875701904297,25.60875701904297,0,0.0,0.0,0.0,BKGI
2024-02-20 00:00:00-05:00,25.7564176079972,25.933984124534255,25.7564176079972,25.81249237060547,16600,0.0,0.0,0.0,BKGI
2024-02-21 00:00:00-05:00,26.048002243041992,26.048002243041992,26.048002243041992,26.048002243041992,0,0.0,0.0,0.0,BKGI
2024-02-22 00:00:00-05:00,25.94239616394043,25.94239616394043,25.94239616394043,25.94239616394043,0,0.0,0.0,0.0,BKGI
2024-02-23 00:00:00-05:00,25.853612591157155,26.00968360900879,25.853612591157155,26.00968360900879,300,0.0,0.0,0.0,BKGI
2024-02-26 00:00:00-05:00,25.700345298390715,25.71436309814453,25.700345298390715,25.71436309814453,200,0.0,0.0,0.0,BKGI
2024-02-27 00:00:00-05:00,26.03959083557129,26.03959083557129,26.03959083557129,26.03959083557129,100,0.0,0.0,0.0,BKGI
2024-02-28 00:00:00-05:00,26.00033950805664,26.00033950805664,26.00033950805664,26.00033950805664,100,0.0,0.0,0.0,BKGI
2024-02-29 00:00:00-05:00,26.133981704711914,26.133981704711914,26.133981704711914,26.133981704711914,100,0.0,0.0,0.0,BKGI
2024-03-01 00:00:00-05:00,26.090055465698242,26.090055465698242,26.090055465698242,26.090055465698242,100,0.0,0.0,0.0,BKGI
2024-03-04 00:00:00-05:00,26.027438413177798,26.246124267578125,26.01809262007997,26.246124267578125,400,0.0,0.0,0.0,BKGI
2024-03-05 00:00:00-05:00,26.485374507476173,26.485374507476173,26.34705924987793,26.34705924987793,1000,0.0,0.0,0.0,BKGI
2024-03-06 00:00:00-05:00,26.550790936587557,26.550790936587557,26.520885467529297,26.520885467529297,100,0.0,0.0,0.0,BKGI
2024-03-07 00:00:00-05:00,26.635839462280273,26.635839462280273,26.635839462280273,26.635839462280273,0,0.0,0.0,0.0,BKGI
2024-03-08 00:00:00-05:00,26.600324630737305,26.600324630737305,26.600324630737305,26.600324630737305,100,0.0,0.0,0.0,BKGI
2024-03-11 00:00:00-04:00,26.679763793945312,26.679763793945312,26.679763793945312,26.679763793945312,100,0.0,0.0,0.0,BKGI
2024-03-12 00:00:00-04:00,26.5872399420013,26.5872399420013,26.53864288330078,26.53864288330078,100,0.0,0.0,0.0,BKGI
2024-03-13 00:00:00-04:00,26.574155807495117,26.574155807495117,26.574155807495117,26.574155807495117,100,0.0,0.0,0.0,BKGI
2024-03-14 00:00:00-04:00,26.25080191664222,26.30033302307129,26.25080191664222,26.30033302307129,300,0.0,0.0,0.0,BKGI
2024-03-15 00:00:00-04:00,26.417148900651274,26.417148900651274,26.342384338378906,26.342384338378906,400,0.0,0.0,0.0,BKGI
2024-03-18 00:00:00-04:00,26.350799560546875,26.350799560546875,26.350799560546875,26.350799560546875,100,0.0,0.0,0.0,BKGI
2024-03-19 00:00:00-04:00,26.40313720703125,26.40313720703125,26.40313720703125,26.40313720703125,100,0.0,0.0,0.0,BKGI
2024-03-20 00:00:00-04:00,26.47509673490082,26.57602882385254,26.47509673490082,26.57602882385254,400,0.0,0.0,0.0,BKGI
2024-03-21 00:00:00-04:00,26.60686419442975,26.60686419442975,26.569482803344727,26.569482803344727,1000,0.0,0.0,0.0,BKGI
2024-03-22 00:00:00-04:00,26.567615509033203,26.567615509033203,26.567615509033203,26.567615509033203,200,0.0,0.0,0.0,BKGI
2024-03-25 00:00:00-04:00,26.597518907943982,26.612472534179688,26.597518907943982,26.612472534179688,100,0.0,0.0,0.0,BKGI
2024-03-26 00:00:00-04:00,26.642379729062643,26.642379729062643,26.494720458984375,26.494720458984375,400,0.0,0.0,0.0,BKGI
2024-03-27 00:00:00-04:00,26.980689763737047,26.983491897583008,26.980689763737047,26.983491897583008,100,0.0,0.0,0.0,BKGI
2024-03-28 00:00:00-04:00,27.140499114990234,27.140499114990234,27.140499114990234,27.140499114990234,100,0.0,0.0,0.0,BKGI
2024-04-01 00:00:00-04:00,27.18676971370456,27.18676971370456,27.06212043762207,27.06212043762207,800,0.3,0.0,0.0,BKGI
2024-04-02 00:00:00-04:00,26.96957778930664,26.96957778930664,26.96957778930664,26.96957778930664,100,0.0,0.0,0.0,BKGI
2024-04-03 00:00:00-04:00,27.016791820548235,27.073450088500977,26.997905130852697,27.073450088500977,132800,0.0,0.0,0.0,BKGI
2024-04-04 00:00:00-04:00,26.912919998168945,26.912919998168945,26.912919998168945,26.912919998168945,300,0.0,0.0,0.0,BKGI
2024-04-05 00:00:00-04:00,26.77127407557905,26.784494400024414,26.77127407557905,26.784494400024414,300,0.0,0.0,0.0,BKGI
2024-04-08 00:00:00-04:00,26.89403372730176,26.89403372730176,26.865705490112305,26.865705490112305,300,0.0,0.0,0.0,BKGI
2024-04-09 00:00:00-04:00,26.817543434975597,26.92236222931701,26.817543434975597,26.91480827331543,2400,0.0,0.0,0.0,BKGI
2024-04-10 00:00:00-04:00,26.450207367307094,26.450207367307094,26.270787392845936,26.374662399291992,400,0.0,0.0,0.0,BKGI
2024-04-11 00:00:00-04:00,26.26134174213582,26.465312957763672,26.26134174213582,26.465312957763672,400,0.0,0.0,0.0,BKGI
2024-04-12 00:00:00-04:00,26.18485414232407,26.18485414232407,26.179187774658203,26.179187774658203,300,0.0,0.0,0.0,BKGI
2024-04-15 00:00:00-04:00,26.12914013488319,26.204685100966742,25.929889678955078,25.929889678955078,2000,0.0,0.0,0.0,BKGI
2024-04-16 00:00:00-04:00,25.656983971246504,25.741972284307717,25.656983971246504,25.69475555419922,600,0.0,0.0,0.0,BKGI
2024-04-17 00:00:00-04:00,25.949718475341797,25.949718475341797,25.949718475341797,25.949718475341797,100,0.0,0.0,0.0,BKGI
2024-04-18 00:00:00-04:00,26.047929763793945,26.047929763793945,26.047929763793945,26.047929763793945,900,0.0,0.0,0.0,BKGI
2024-04-19 00:00:00-04:00,26.31328106031315,26.398269372890525,26.31328106031315,26.387882232666016,1600,0.0,0.0,0.0,BKGI
2024-04-22 00:00:00-04:00,26.610738326664478,26.61451530456543,26.610738326664478,26.61451530456543,200,0.0,0.0,0.0,BKGI
2024-04-23 00:00:00-04:00,26.902531190475607,26.902531190475607,26.831707000732422,26.831707000732422,200,0.0,0.0,0.0,BKGI
2024-04-24 00:00:00-04:00,26.86570365468776,26.89969825744629,26.86570365468776,26.89969825744629,900,0.0,0.0,0.0,BKGI
2024-04-25 00:00:00-04:00,26.75238824309735,26.82037925720215,26.75238824309735,26.82037925720215,700,0.0,0.0,0.0,BKGI
2024-04-26 00:00:00-04:00,26.85626039319659,26.85626039319659,26.789213180541992,26.789213180541992,200,0.0,0.0,0.0,BKGI
2024-04-29 00:00:00-04:00,26.969578988527967,26.969578988527967,26.582410799563142,26.962968826293945,3300,0.0,0.0,0.0,BKGI
2024-04-30 00:00:00-04:00,26.701393127441406,26.701393127441406,26.701393127441406,26.701393127441406,100,0.0,0.0,0.0,BKGI
2024-05-01 00:00:00-04:00,26.780715608640776,26.780715608640776,26.648510572003687,26.717445373535156,300,0.0,0.0,0.0,BKGI
2024-05-02 00:00:00-04:00,26.99129867553711,26.99129867553711,26.99129867553711,26.99129867553711,100,0.0,0.0,0.0,BKGI
2024-05-03 00:00:00-04:00,27.177326431514114,27.2405948638916,27.177326431514114,27.2405948638916,2200,0.0,0.0,0.0,BKGI
2024-05-06 00:00:00-04:00,27.385076747046273,27.470065060351974,27.385076747046273,27.448345184326172,1400,0.0,0.0,0.0,BKGI
2024-05-07 00:00:00-04:00,27.60226828195483,27.630598320080068,27.54561000683845,27.592824935913086,2700,0.0,0.0,0.0,BKGI
2024-05-08 00:00:00-04:00,27.64948443217571,27.77224432587515,27.6362641082214,27.716529846191406,196700,0.0,0.0,0.0,BKGI
2024-05-09 00:00:00-04:00,27.923333523354117,28.357718415077596,27.923333523354117,28.148080825805664,11600,0.0,0.0,0.0,BKGI
2024-05-10 00:00:00-04:00,28.433264392432214,28.433264392432214,28.22551438419212,28.251955032348633,2500,0.0,0.0,0.0,BKGI
2024-05-13 00:00:00-04:00,28.339775294656533,28.339775294656533,28.3161678314209,28.3161678314209,2500,0.0,0.0,0.0,BKGI
2024-05-14 00:00:00-04:00,28.40493376632424,28.56357765197754,28.40493376632424,28.56357765197754,500,0.0,0.0,0.0,BKGI
2024-05-15 00:00:00-04:00,28.829875300231024,28.829875300231024,28.81098860876998,28.81382179260254,1000,0.0,0.0,0.0,BKGI
2024-05-16 00:00:00-04:00,28.80154173181181,28.848756653541585,28.80154173181181,28.82420539855957,900,0.0,0.0,0.0,BKGI
2024-05-17 00:00:00-04:00,28.902585460802626,28.942246429966975,28.867645263671875,28.867645263671875,800,0.0,0.0,0.0,BKGI
2024-05-20 00:00:00-04:00,28.93374609043977,28.99984770391227,28.924302745496,28.971519470214844,13000,0.0,0.0,0.0,BKGI
2024-05-21 00:00:00-04:00,28.88653289115272,28.937524795532227,28.853482082443595,28.937524795532227,500,0.0,0.0,0.0,BKGI
2024-05-22 00:00:00-04:00,28.8194874388982,28.839319726469167,28.560747320950725,28.720335006713867,800,0.0,0.0,0.0,BKGI
2024-05-23 00:00:00-04:00,28.329390579761316,28.329390579761316,28.158470153808594,28.158470153808594,900,0.0,0.0,0.0,BKGI
2024-05-24 00:00:00-04:00,28.40493005616697,28.558853149414062,28.40493005616697,28.558853149414062,1000,0.0,0.0,0.0,BKGI
2024-05-28 00:00:00-04:00,28.48992157886595,28.53335952758789,28.4804782332944,28.53335952758789,700,0.0,0.0,0.0,BKGI
2024-05-29 00:00:00-04:00,28.121639510832843,28.147134562087928,28.121639510832843,28.127304077148438,1200,0.0,0.0,0.0,BKGI
2024-05-30 00:00:00-04:00,28.234956457229323,28.487088198736583,28.234956457229323,28.412487030029297,2500,0.0,0.0,0.0,BKGI
2024-05-31 00:00:00-04:00,28.522971733142622,28.767549514770508,28.522971733142622,28.767549514770508,500,0.0,0.0,0.0,BKGI
2024-06-03 00:00:00-04:00,28.754332185052338,28.754332185052338,28.71750259399414,28.71750259399414,2400,0.0,0.0,0.0,BKGI
2024-06-04 00:00:00-04:00,28.650454952816553,28.72127914428711,28.650454952816553,28.72127914428711,400,0.0,0.0,0.0,BKGI
2024-06-05 00:00:00-04:00,28.71655805674454,28.768495559692383,28.688228018463683,28.768495559692383,800,0.0,0.0,0.0,BKGI
2024-06-06 00:00:00-04:00,28.69767142107773,28.69767142107773,28.48992321001128,28.5664119720459,600,0.0,0.0,0.0,BKGI
2024-06-07 00:00:00-04:00,28.112197440183227,28.112197440183227,28.07253646850586,28.07253646850586,800,0.0,0.0,0.0,BKGI
2024-06-10 00:00:00-04:00,27.876120173689664,28.093311731272696,27.876120173689664,28.046096801757812,2200,0.0,0.0,0.0,BKGI
2024-06-11 00:00:00-04:00,27.706141748105708,27.781686711108787,27.13955362501562,27.747692108154297,3100,0.0,0.0,0.0,BKGI
2024-06-12 00:00:00-04:00,27.91389056547629,27.91389056547629,27.649484089665457,27.715585708618164,5200,0.0,0.0,0.0,BKGI
2024-06-13 00:00:00-04:00,27.467229863386546,27.467229863386546,27.318973123666492,27.366188049316406,1000,0.0,0.0,0.0,BKGI
2024-06-14 00:00:00-04:00,26.98468780517578,26.98468780517578,26.98468780517578,26.98468780517578,200,0.0,0.0,0.0,BKGI
2024-06-17 00:00:00-04:00,26.952577590942383,26.952577590942383,26.952577590942383,26.952577590942383,100,0.0,0.0,0.0,BKGI
2024-06-18 00:00:00-04:00,27.101782258993463,27.248149612834727,27.101782258993463,27.24248504638672,800,0.0,0.0,0.0,BKGI
2024-06-20 00:00:00-04:00,27.366190776646363,27.56449744663408,27.205657491850268,27.416240692138672,3900,0.0,0.0,0.0,BKGI
2024-06-21 00:00:00-04:00,27.413404083710628,27.413404083710628,27.258535385131836,27.258535385131836,400,0.0,0.0,0.0,BKGI
2024-06-24 00:00:00-04:00,27.422850103716627,27.549386978149414,27.422850103716627,27.549386978149414,200,0.0,0.0,0.0,BKGI
2024-06-25 00:00:00-04:00,27.42568058829473,27.42568058829473,27.421903610229492,27.421903610229492,300,0.0,0.0,0.0,BKGI
2024-06-26 00:00:00-04:00,27.224541170561494,27.271756095689963,27.207543869560606,27.268924713134766,3300,0.0,0.0,0.0,BKGI
2024-06-27 00:00:00-04:00,27.25287268786731,27.25287268786731,27.07345272058423,27.16693878173828,1200,0.0,0.0,0.0,BKGI
2024-06-28 00:00:00-04:00,26.922361136300367,27.003572463989258,26.922361136300367,27.003572463989258,400,0.0,0.0,0.0,BKGI
2024-07-01 00:00:00-04:00,27.474870528621665,27.474870528621665,27.195724487304688,27.195724487304688,1300,0.349,0.0,0.0,BKGI
2024-07-02 00:00:00-04:00,27.226317505699065,27.25499757006452,27.226317505699065,27.233009338378906,700,0.0,0.0,0.0,BKGI
2024-07-03 00:00:00-04:00,27.650772094726562,27.650772094726562,27.650772094726562,27.650772094726562,200,0.0,0.0,0.0,BKGI
2024-07-05 00:00:00-04:00,27.84770387035969,27.84770387035969,27.80277377596135,27.82284927368164,600,0.0,0.0,0.0,BKGI
2024-07-08 00:00:00-04:00,27.83814564091234,27.83814564091234,27.7138671875,27.7138671875,600,0.0,0.0,0.0,BKGI
2024-07-09 00:00:00-04:00,27.50355182111411,27.554218292236328,27.50355182111411,27.554218292236328,800,0.0,0.0,0.0,BKGI
2024-07-10 00:00:00-04:00,27.65077339477623,27.85248565673828,27.62782970761448,27.85248565673828,600,0.0,0.0,0.0,BKGI
2024-07-11 00:00:00-04:00,28.145015716552734,28.145015716552734,28.145015716552734,28.145015716552734,100,0.0,0.0,0.0,BKGI
2024-07-12 00:00:00-04:00,28.335254015667427,28.3830541221817,28.306575775146484,28.306575775146484,1200,0.0,0.0,0.0,BKGI
2024-07-15 00:00:00-04:00,28.087656021118164,28.087656021118164,28.087656021118164,28.087656021118164,200,0.0,0.0,0.0,BKGI
2024-07-16 00:00:00-04:00,28.21097972206968,28.249217987060547,28.20141969997502,28.249217987060547,500,0.0,0.0,0.0,BKGI
2024-07-17 00:00:00-04:00,28.41173210984082,28.41173210984082,28.402172088623047,28.402172088623047,700,0.0,0.0,0.0,BKGI
2024-07-18 00:00:00-04:00,28.406952809525635,28.406952809525635,28.34003448486328,28.34003448486328,800,0.0,0.0,0.0,BKGI
2024-07-19 00:00:00-04:00,28.274072647094727,28.274072647094727,28.274072647094727,28.274072647094727,100,0.0,0.0,0.0,BKGI
2024-07-22 00:00:00-04:00,28.526451330364452,28.64116794137659,28.526451330364452,28.612489700317383,700,0.0,0.0,0.0,BKGI
2024-07-23 00:00:00-04:00,28.261646270751953,28.261646270751953,28.261646270751953,28.261646270751953,100,0.0,0.0,0.0,BKGI
2024-07-24 00:00:00-04:00,28.297014791645363,28.316134833600923,28.182296363299564,28.191856384277344,5300,0.0,0.0,0.0,BKGI
2024-07-25 00:00:00-04:00,28.297014400694458,28.32569263984402,28.096257609709845,28.201416015625,201000,0.0,0.0,0.0,BKGI
2024-07-26 00:00:00-04:00,28.5073297752568,28.60770726041491,28.478651535718804,28.602928161621094,13800,0.0,0.0,0.0,BKGI
2024-07-29 00:00:00-04:00,28.469089484766364,28.516887762846494,28.325691003751114,28.445188522338867,10800,0.0,0.0,0.0,BKGI
2024-07-30 00:00:00-04:00,28.55513243766964,28.582855224609375,28.50255322929065,28.582855224609375,700,0.0,0.0,0.0,BKGI
2024-07-31 00:00:00-04:00,28.643079557209347,28.717646992506072,28.629695892333984,28.629695892333984,900,0.0,0.0,0.0,BKGI
2024-08-01 00:00:00-04:00,28.61248818259628,28.61248818259628,28.518802529782047,28.602928161621094,500,0.0,0.0,0.0,BKGI
2024-08-02 00:00:00-04:00,28.83236369673672,28.83236369673672,28.583808617218075,28.763532638549805,900,0.0,0.0,0.0,BKGI
2024-08-05 00:00:00-04:00,28.067581603031133,28.13449993088612,27.876384817684595,27.925140380859375,159800,0.0,0.0,0.0,BKGI
2024-08-06 00:00:00-04:00,28.300838470458984,28.300838470458984,28.300838470458984,28.300838470458984,300,0.0,0.0,0.0,BKGI
2024-08-07 00:00:00-04:00,28.814199924159357,28.814199924159357,28.442323684692383,28.442323684692383,700,0.0,0.0,0.0,BKGI
2024-08-08 00:00:00-04:00,28.63161001660252,28.638301849365234,28.63161001660252,28.638301849365234,400,0.0,0.0,0.0,BKGI
2024-08-09 00:00:00-04:00,28.526451655711522,28.626829147338867,28.50733161252888,28.626829147338867,1000,0.0,0.0,0.0,BKGI
2024-08-12 00:00:00-04:00,28.593368405081304,28.64116668701172,28.593368405081304,28.64116668701172,600,0.0,0.0,0.0,BKGI
2024-08-13 00:00:00-04:00,28.7750074895409,28.970027923583984,28.7750074895409,28.970027923583984,2900,0.0,0.0,0.0,BKGI
2024-08-14 00:00:00-04:00,29.061796928103462,29.090476989746094,29.061796928103462,29.090476989746094,600,0.0,0.0,0.0,BKGI
2024-08-15 00:00:00-04:00,29.05606213082451,29.124893188476562,29.05606213082451,29.124893188476562,700,0.0,0.0,0.0,BKGI
2024-08-16 00:00:00-04:00,29.312267303466797,29.312267303466797,29.312267303466797,29.312267303466797,200,0.0,0.0,0.0,BKGI
2024-08-19 00:00:00-04:00,29.601927668531232,29.63538683037194,29.558908485680675,29.631563186645508,2300,0.0,0.0,0.0,BKGI
2024-08-20 00:00:00-04:00,29.506328255064215,29.506328255064215,29.46330907371063,29.491989135742188,1000,0.0,0.0,0.0,BKGI
2024-08-21 00:00:00-04:00,29.54934892793153,29.71186564087177,29.54934892793153,29.683185577392578,1200,0.0,0.0,0.0,BKGI
2024-08-22 00:00:00-04:00,29.750106190036583,29.750106190036583,29.625827736407153,29.637300491333008,10800,0.0,0.0,0.0,BKGI
2024-08-23 00:00:00-04:00,29.759664752494626,30.0388126373291,29.759664752494626,30.0388126373291,900,0.0,0.0,0.0,BKGI
2024-08-26 00:00:00-04:00,30.04645806962558,30.07513630874526,30.0273380279541,30.0273380279541,1800,0.0,0.0,0.0,BKGI
2024-08-27 00:00:00-04:00,30.103819130556808,30.103819130556808,29.90306414476778,29.98432159423828,700,0.0,0.0,0.0,BKGI
2024-08-28 00:00:00-04:00,29.873428344726562,29.873428344726562,29.79790545028034,29.873428344726562,5000,0.0,0.0,0.0,BKGI
2024-08-29 00:00:00-04:00,29.753926795232456,29.823713302612305,29.753926795232456,29.823713302612305,700,0.0,0.0,0.0,BKGI
2024-08-30 00:00:00-04:00,29.936521815434492,30.047414779663086,29.936521815434492,30.047414779663086,700,0.0,0.0,0.0,BKGI
2024-09-03 00:00:00-04:00,29.874382260011348,29.874382260011348,29.79121208190918,29.79121208190918,500,0.0,0.0,0.0,BKGI
2024-09-04 00:00:00-04:00,29.950860565059926,29.950860565059926,29.887765884399414,29.887765884399414,19700,0.0,0.0,0.0,BKGI
2024-09-05 00:00:00-04:00,30.237656006416497,30.304576158884483,30.07036018371582,30.07036018371582,3100,0.0,0.0,0.0,BKGI
2024-09-06 00:00:00-04:00,29.836142576641414,29.86482264041616,29.81797981262207,29.81797981262207,11300,0.0,0.0,0.0,BKGI
2024-09-09 00:00:00-04:00,29.817024126991413,29.937477111816406,29.817024126991413,29.937477111816406,4100,0.0,0.0,0.0,BKGI
2024-09-10 00:00:00-04:00,29.936521604837466,29.997703552246094,29.936521604837466,29.997703552246094,1900,0.0,0.0,0.0,BKGI
2024-09-11 00:00:00-04:00,29.845703528522986,30.12293868349389,29.683186808840514,30.10190773010254,9500,0.0,0.0,0.0,BKGI
2024-09-12 00:00:00-04:00,29.989100580224637,30.11720085144043,29.989100580224637,30.11720085144043,300,0.0,0.0,0.0,BKGI
2024-09-13 00:00:00-04:00,30.295013263204698,30.39061164855957,30.295013263204698,30.39061164855957,27600,0.0,0.0,0.0,BKGI
2024-09-16 00:00:00-04:00,30.43841113483772,30.954641342163086,30.43841113483772,30.954641342163086,6600,0.0,0.0,0.0,BKGI
2024-09-17 00:00:00-04:00,30.887725650781817,30.906845694917905,30.73476894446866,30.766313552856445,2500,0.0,0.0,0.0,BKGI
2024-09-18 00:00:00-04:00,30.792124375744734,30.916402834986098,30.759620666503906,30.759620666503906,1600,0.0,0.0,0.0,BKGI
2024-09-19 00:00:00-04:00,30.46709081824506,30.58180742507128,30.447970775978163,30.516801834106445,3600,0.0,0.0,0.0,BKGI
2024-09-20 00:00:00-04:00,30.600927010125886,30.792123794555664,30.600927010125886,30.792123794555664,5100,0.0,0.0,0.0,BKGI
2024-09-23 00:00:00-04:00,30.83036306812753,30.992877960205078,30.83036306812753,30.992877960205078,2000,0.0,0.0,0.0,BKGI
2024-09-24 00:00:00-04:00,31.112376789114418,31.112376789114418,31.03111933968655,31.06075668334961,1200,0.0,0.0,0.0,BKGI
2024-09-25 00:00:00-04:00,31.04067818109277,31.08847646161476,30.97375985900697,31.00625991821289,21300,0.0,0.0,0.0,BKGI
2024-09-26 00:00:00-04:00,31.067448223139454,31.09803737489295,31.011043548583984,31.011043548583984,8300,0.0,0.0,0.0,BKGI
2024-09-27 00:00:00-04:00,31.19363493600373,31.203193133419305,31.1171547695789,31.12671661376953,8200,0.0,0.0,0.0,BKGI
2024-09-30 00:00:00-04:00,30.983320707714185,31.088479121926238,30.983320707714185,31.071269989013672,7600,0.0,0.0,0.0,BKGI
2024-10-01 00:00:00-04:00,30.99599217248309,31.077062414726104,30.970897950361,31.03942108154297,1000,0.308,0.0,0.0,BKGI
2024-10-02 00:00:00-04:00,30.847361377608923,30.980547414460542,30.847361377608923,30.94387435913086,1700,0.0,0.0,0.0,BKGI
2024-10-03 00:00:00-04:00,30.79717410261742,30.79717410261742,30.748918533325195,30.748918533325195,400,0.0,0.0,0.0,BKGI
2024-10-04 00:00:00-04:00,30.845432146353147,30.97089958190918,30.816479538788002,30.97089958190918,2300,0.0,0.0,0.0,BKGI
2024-10-07 00:00:00-04:00,31.009503329685074,31.05775889945066,30.647579193115234,30.647579193115234,2400,0.0,0.0,0.0,BKGI
2024-10-08 00:00:00-04:00,30.589673150435825,30.60511589050293,30.589673150435825,30.60511589050293,1700,0.0,0.0,0.0,BKGI
2024-10-09 00:00:00-04:00,30.51728956990672,30.63310367664966,30.49798660517222,30.594499588012695,188600,0.0,0.0,0.0,BKGI
2024-10-10 00:00:00-04:00,30.555893489358155,30.56554497167197,30.420776418628844,30.478683471679688,2300,0.0,0.0,0.0,BKGI
2024-10-11 00:00:00-04:00,30.449725830845697,30.69390296936035,30.449725830845697,30.69390296936035,1000,0.0,0.0,0.0,BKGI
2024-10-14 00:00:00-04:00,30.913951110199015,31.028804292261682,30.903336873633858,30.980545043945312,6900,0.0,0.0,0.0,BKGI
2024-10-15 00:00:00-04:00,30.999849088223193,31.192875043230245,30.884034987884508,31.009502410888672,7500,0.0,0.0,0.0,BKGI
2024-10-16 00:00:00-04:00,31.24016716488532,31.355016673515276,31.22665545798768,31.310623168945312,1600,0.0,0.0,0.0,BKGI
2024-10-17 00:00:00-04:00,31.262363403733943,31.262363403733943,31.03459358215332,31.03459358215332,700,0.0,0.0,0.0,BKGI
2024-10-18 00:00:00-04:00,31.046176586581375,31.25078506351522,31.046176586581375,31.225690841674805,1200,0.0,0.0,0.0,BKGI
2024-10-21 00:00:00-04:00,31.183225512277055,31.183225512277055,31.00950252032401,31.033628463745117,4500,0.0,0.0,0.0,BKGI
2024-10-22 00:00:00-04:00,30.671709783677674,30.761465072631836,30.671709783677674,30.761465072631836,400,0.0,0.0,0.0,BKGI
2024-10-23 00:00:00-04:00,30.739267247397716,30.739267247397716,30.613799821106372,30.69487190246582,1900,0.0,0.0,0.0,BKGI
2024-10-24 00:00:00-04:00,30.806825584642258,30.806825584642258,30.748918533325195,30.748918533325195,1000,0.0,0.0,0.0,BKGI
2024-10-25 00:00:00-04:00,30.729616288069764,30.729616288069764,30.46131134033203,30.46131134033203,1800,0.0,0.0,0.0,BKGI
2024-10-28 00:00:00-04:00,30.711278915405273,30.711278915405273,30.711278915405273,30.711278915405273,400,0.0,0.0,0.0,BKGI
2024-10-29 00:00:00-04:00,30.33970741576235,30.391823213387767,30.33391615797105,30.355148315429688,800,0.0,0.0,0.0,BKGI
2024-10-30 00:00:00-04:00,30.319438389878716,30.423671820927115,30.319438389878716,30.396648406982422,1300,0.0,0.0,0.0,BKGI
2024-10-31 00:00:00-04:00,30.372517699912986,30.47868215996387,30.353216576948054,30.459379196166992,1800,0.0,0.0,0.0,BKGI
2024-11-01 00:00:00-04:00,30.104211807250977,30.104211807250977,30.104211807250977,30.104211807250977,300,0.0,0.0,0.0,BKGI
2024-11-04 00:00:00-05:00,30.24705282392106,30.24705282392106,30.09842404904118,30.100353240966797,1000,0.0,0.0,0.0,BKGI
2024-11-05 00:00:00-05:00,30.319437256931526,30.401472091674805,30.314610595574894,30.401472091674805,900,0.0,0.0,0.0,BKGI
2024-11-06 00:00:00-05:00,29.93821327440132,29.958480834960938,29.93821327440132,29.958480834960938,500,0.0,0.0,0.0,BKGI
2024-11-07 00:00:00-05:00,30.208447269251717,30.38217026797031,30.208447269251717,30.304960250854492,1000,0.0,0.0,0.0,BKGI
2024-11-08 00:00:00-05:00,30.3242626719196,30.382169723510742,30.3242626719196,30.382169723510742,2100,0.0,0.0,0.0,BKGI
2024-11-11 00:00:00-05:00,30.40147119912701,30.4304256439209,30.40147119912701,30.4304256439209,1400,0.0,0.0,0.0,BKGI
2024-11-12 00:00:00-05:00,30.21809762885874,30.21809762885874,29.99708366394043,29.99708366394043,1000,0.0,0.0,0.0,BKGI
2024-11-13 00:00:00-05:00,29.87065459139732,29.880304232807656,29.76062990283294,29.764490127563477,125200,0.0,0.0,0.0,BKGI
2024-11-14 00:00:00-05:00,30.054025369636005,30.12158390031514,29.985502243041992,29.985502243041992,1600,0.0,0.0,0.0,BKGI
2024-11-15 00:00:00-05:00,30.266355567528432,30.332949505116463,30.19397037254179,30.324262619018555,3700,0.0,0.0,0.0,BKGI
2024-11-18 00:00:00-05:00,30.469032236626237,30.473858898238326,30.41112518310547,30.41112518310547,700,0.0,0.0,0.0,BKGI
2024-11-19 00:00:00-05:00,30.43139318457325,30.555894179820285,30.420777106037775,30.524045944213867,1900,0.0,0.0,0.0,BKGI
2024-11-20 00:00:00-05:00,30.40147119912701,30.4304256439209,30.3242611871752,30.4304256439209,5100,0.0,0.0,0.0,BKGI
2024-11-21 00:00:00-05:00,30.574231636072017,30.78269849820746,30.574231636072017,30.774011611938477,2800,0.0,0.0,0.0,BKGI
2024-11-22 00:00:00-05:00,30.806826206700098,30.806826206700098,30.72286033630371,30.72286033630371,2200,0.0,0.0,0.0,BKGI
2024-11-25 00:00:00-05:00,30.85508199987988,30.85508199987988,30.650475361506764,30.662057876586914,2100,0.0,0.0,0.0,BKGI
2024-11-26 00:00:00-05:00,30.729615867124775,30.740231945205405,30.691009938651227,30.739267349243164,2000,0.0,0.0,0.0,BKGI
2024-11-27 00:00:00-05:00,30.799103852389457,30.799103852389457,30.72961428920445,30.79427719116211,1600,0.0,0.0,0.0,BKGI
2024-11-29 00:00:00-05:00,30.884034866794547,31.04328155517578,30.884034866794547,31.04328155517578,4700,0.0,0.0,0.0,BKGI
2024-12-02 00:00:00-05:00,30.64275693220917,30.64275693220917,30.4719295501709,30.4719295501709,1500,0.0,0.0,0.0,BKGI
2024-12-03 00:00:00-05:00,30.526938294329305,30.59449866887037,30.46710205078125,30.46710205078125,4200,0.0,0.0,0.0,BKGI
2024-12-04 00:00:00-05:00,30.419809341430664,30.419809341430664,30.419809341430664,30.419809341430664,400,0.0,0.0,0.0,BKGI
2024-12-05 00:00:00-05:00,30.71031275596695,30.835780182073744,30.71031275596695,30.779802322387695,900,0.0,0.0,0.0,BKGI
2024-12-06 00:00:00-05:00,30.951595584368313,30.951595584368313,30.64275550842285,30.64275550842285,1400,0.0,0.0,0.0,BKGI
2024-12-09 00:00:00-05:00,30.565542298179217,30.60414638322583,30.303993225097656,30.303993225097656,29700,0.0,0.0,0.0,BKGI
2024-12-10 00:00:00-05:00,30.256705473757233,30.256705473757233,30.111936917973452,30.160192489624023,25900,0.0,0.0,0.0,BKGI
2024-12-11 00:00:00-05:00,30.034727270638726,30.063679877654657,30.034727270638726,30.058855056762695,5900,0.0,0.0,0.0,BKGI
2024-12-12 00:00:00-05:00,29.986470041692616,29.986470041692616,29.77703857421875,29.77703857421875,1800,0.0,0.0,0.0,BKGI
2024-12-13 00:00:00-05:00,29.88995440841146,29.986467385783886,29.88995440841146,29.979711532592773,2600,0.0,0.0,0.0,BKGI
2024-12-16 00:00:00-05:00,29.80309337662565,29.85135078647876,29.759662628173828,29.759662628173828,2400,0.0,0.0,0.0,BKGI
2024-12-17 00:00:00-05:00,29.474953792181108,29.571464935457115,29.46337127685547,29.46337127685547,16200,0.0,0.0,0.0,BKGI
2024-12-18 00:00:00-05:00,29.38809079275905,29.47495228994608,28.78778076171875,28.78778076171875,2500,0.0,0.0,0.0,BKGI
2024-12-19 00:00:00-05:00,28.9441319736743,29.040644953359784,28.91035270690918,28.91035270690918,3200,0.0,0.0,0.0,BKGI
2024-12-20 00:00:00-05:00,29.050298291958207,29.233672780996525,29.050298291958207,29.15839195251465,1000,0.0,0.0,0.0,BKGI
2024-12-23 00:00:00-05:00,29.0889006056977,29.36878806350015,29.0889006056977,29.3591365814209,5400,0.0,0.0,0.0,BKGI
2024-12-24 00:00:00-05:00,29.397739907700423,29.497148513793945,29.378438784873666,29.497148513793945,1000,0.0,0.0,0.0,BKGI
2024-12-26 00:00:00-05:00,29.474953693999524,29.610070766801506,29.445999246613933,29.561813354492188,5800,0.0,0.0,0.0,BKGI
2024-12-27 00:00:00-05:00,29.623448316147808,29.750628743254286,29.300603683962894,29.50507164001465,56300,0.413,0.0,0.0,BKGI
2024-12-30 00:00:00-05:00,29.320166342351012,29.770193232803315,29.320166342351012,29.584312438964844,11200,0.0,0.0,0.0,BKGI
2024-12-31 00:00:00-05:00,29.60388143788304,29.60388143788304,29.476699145147688,29.49431037902832,3300,0.0,0.0,0.0,BKGI
2025-01-02 00:00:00-05:00,29.643012451119077,29.808348681328848,29.526593203866803,29.700733184814453,3900,0.0,0.0,0.0,BKGI
2025-01-03 00:00:00-05:00,30.053905260713787,30.053905260713787,29.984445571899414,29.984445571899414,800,0.0,0.0,0.0,BKGI
2025-01-06 00:00:00-05:00,30.660463813308176,30.660463813308176,29.980533599853516,29.980533599853516,1500,0.0,0.0,0.0,BKGI
2025-01-07 00:00:00-05:00,30.112607355732745,30.112607355732745,29.859222412109375,29.859222412109375,6200,0.0,0.0,0.0,BKGI
2025-01-08 00:00:00-05:00,29.721280553119716,29.84552764892578,29.711499021600375,29.84552764892578,2800,0.0,0.0,0.0,BKGI
2025-01-10 00:00:00-05:00,29.672364128271347,29.672364128271347,29.378869679782852,29.50605010986328,2100,0.0,0.0,0.0,BKGI
2025-01-13 00:00:00-05:00,29.44734983732233,29.583335876464844,29.43756644082384,29.583335876464844,1300,0.0,0.0,0.0,BKGI
2025-01-14 00:00:00-05:00,29.7897608802735,30.00499000258706,29.7897608802735,29.92574691772461,700,0.0,0.0,0.0,BKGI
2025-01-15 00:00:00-05:00,30.435451018761924,30.435451018761924,30.174240112304688,30.174240112304688,1500,0.0,0.0,0.0,BKGI
2025-01-16 00:00:00-05:00,30.415883041988682,30.52349853515625,30.415883041988682,30.52349853515625,3200,0.0,0.0,0.0,BKGI
2025-01-17 00:00:00-05:00,30.709379166816255,30.758296150960657,30.709379166816255,30.74655532836914,700,0.0,0.0,0.0,BKGI
2025-01-21 00:00:00-05:00,30.948090971631615,31.1398403310651,30.948090971631615,31.072336196899414,700,0.0,0.0,0.0,BKGI
2025-01-22 00:00:00-05:00,30.787644479255327,30.787644479255327,30.624265670776367,30.624265670776367,6400,0.0,0.0,0.0,BKGI
2025-01-23 00:00:00-05:00,30.816995014925563,30.91482711833011,30.792537455572468,30.826778411865234,1000,0.0,0.0,0.0,BKGI
2025-01-24 00:00:00-05:00,30.84145136286688,30.879605303238446,30.84145136286688,30.846343994140625,2400,0.0,0.0,0.0,BKGI
2025-01-27 00:00:00-05:00,30.601764446357834,30.6408961662908,30.48925818581144,30.513715744018555,700,0.0,0.0,0.0,BKGI
2025-01-28 00:00:00-05:00,30.49414926063143,30.593936920166016,30.32783525074572,30.593936920166016,5000,0.0,0.0,0.0,BKGI
2025-01-29 00:00:00-05:00,30.50882440367991,30.68003105035802,30.50882440367991,30.627201080322266,1400,0.0,0.0,0.0,BKGI
2025-01-30 00:00:00-05:00,31.325720454607744,31.325720454607744,30.944175437992904,30.949068069458008,1600,0.0,0.0,0.0,BKGI
2025-01-31 00:00:00-05:00,30.875692608025854,30.875692608025854,30.737751007080078,30.737751007080078,1900,0.0,0.0,0.0,BKGI
2025-02-03 00:00:00-05:00,30.122390398093753,30.924610281151843,30.122390398093753,30.861019134521484,32200,0.0,0.0,0.0,BKGI
2025-02-04 00:00:00-05:00,30.885477407475964,30.993092909492542,30.885477407475964,30.947111129760742,20800,0.0,0.0,0.0,BKGI
2025-02-05 00:00:00-05:00,31.188754028195454,31.275824952696794,31.1300555139432,31.21125602722168,4100,0.0,0.0,0.0,BKGI
2025-02-06 00:00:00-05:00,31.27680316867048,31.27680316867048,31.002875521012438,31.039072036743164,1500,0.0,0.0,0.0,BKGI
2025-02-07 00:00:00-05:00,31.257238820812603,31.257238820812603,31.04200781824047,31.066465377807617,3100,0.0,0.0,0.0,BKGI
2025-02-10 00:00:00-05:00,30.816995766590512,31.36485481262207,30.816995766590512,31.36485481262207,1000,0.0,0.0,0.0,BKGI
2025-02-11 00:00:00-05:00,31.325720979042202,31.374636098559133,31.198538682710666,31.36191749572754,15800,0.0,0.0,0.0,BKGI
2025-02-12 00:00:00-05:00,31.100708575562223,31.355069437319543,31.100708575562223,31.250391006469727,3800,0.0,0.0,0.0,BKGI
2025-02-13 00:00:00-05:00,31.472466167045194,31.638782050882778,31.472466167045194,31.62215232849121,1600,0.0,0.0,0.0,BKGI
2025-02-14 00:00:00-05:00,32.28447019458998,32.28447019458998,31.578125,31.578125,22800,0.0,0.0,0.0,BKGI
2025-02-18 00:00:00-05:00,31.433335603334015,31.805093486868156,31.433335603334015,31.68769645690918,40500,0.0,0.0,0.0,BKGI
2025-02-19 00:00:00-05:00,31.697482415482042,31.7463975347066,31.59964844504855,31.707263946533203,24900,0.0,0.0,0.0,BKGI
2025-02-20 00:00:00-05:00,31.71704317772664,31.95184095775705,31.677913324374995,31.860858917236328,20600,0.0,0.0,0.0,BKGI
2025-02-21 00:00:00-05:00,31.756178553815463,31.785530610464516,31.543884625972968,31.624107360839844,31100,0.0,0.0,0.0,BKGI
2025-02-24 00:00:00-05:00,31.687697218448672,31.814879514284932,31.651500701904297,31.651500701904297,2300,0.0,0.0,0.0,BKGI
2025-02-25 00:00:00-05:00,31.709215994981623,32.02032164213596,31.709215994981623,31.96553611755371,9200,0.0,0.0,0.0,BKGI
2025-02-26 00:00:00-05:00,32.11326367853256,32.191527115953285,31.927381017188264,32.003692626953125,3900,0.0,0.0,0.0,BKGI
2025-02-27 00:00:00-05:00,31.988040020027146,32.039892211327185,31.790420249916945,31.795312881469727,18800,0.0,0.0,0.0,BKGI
2025-02-28 00:00:00-05:00,31.854011527828717,32.36273695404039,31.785529617760243,32.08000183105469,30500,0.0,0.0,0.0,BKGI
2025-03-03 00:00:00-05:00,32.29425230698425,32.40186780668872,31.83444571549829,31.990976333618164,377600,0.0,0.0,0.0,BKGI
2025-03-04 00:00:00-05:00,31.932273003517107,32.289360425744206,31.785527661822222,32.01347351074219,6000,0.0,0.0,0.0,BKGI
2025-03-05 00:00:00-05:00,32.13772149628364,32.49480894934648,31.981190879101753,32.29914474487305,128700,0.0,0.0,0.0,BKGI
2025-03-06 00:00:00-05:00,32.12793992736483,32.25512221991943,31.90292739868164,31.90292739868164,6700,0.0,0.0,0.0,BKGI
2025-03-07 00:00:00-05:00,31.981191832624685,32.66601470270763,31.981191832624685,32.55839920043945,44100,0.0,0.0,0.0,BKGI
2025-03-10 00:00:00-04:00,32.450785993263366,32.82254764594154,32.34317421536872,32.70515060424805,18900,0.0,0.0,0.0,BKGI
2025-03-11 00:00:00-04:00,32.82254409790039,33.003534138767776,32.587750039894104,32.82254409790039,22200,0.0,0.0,0.0,BKGI
2025-03-12 00:00:00-04:00,32.714926361123126,32.80297505984679,32.61709613231195,32.67579650878906,19700,0.0,0.0,0.0,BKGI
2025-03-13 00:00:00-04:00,32.67579615126156,32.979072096448256,32.67579615126156,32.802974700927734,48100,0.0,0.0,0.0,BKGI
2025-03-14 00:00:00-04:00,32.88124219078619,33.27256683756626,32.88124219078619,33.22071838378906,83100,0.0,0.0,0.0,BKGI
2025-03-17 00:00:00-04:00,33.135607325331975,33.683466380312616,33.135607325331975,33.585636138916016,52000,0.0,0.0,0.0,BKGI
2025-03-18 00:00:00-04:00,33.341054037446156,33.594437103311066,33.341054037446156,33.50736618041992,24000,0.0,0.0,0.0,BKGI
2025-03-19 00:00:00-04:00,33.49758567292049,33.76172805724186,33.49758567292049,33.67367935180664,147000,0.0,0.0,0.0,BKGI
2025-03-20 00:00:00-04:00,33.41931833698951,33.712812776362,33.41931833698951,33.670745849609375,16900,0.0,0.0,0.0,BKGI
2025-03-21 00:00:00-04:00,33.53671496974658,33.53671496974658,33.37040282446316,33.43888473510742,3900,0.0,0.0,0.0,BKGI
2025-03-24 00:00:00-04:00,33.53671963137353,33.624768347581295,33.487804507254715,33.56509017944336,89500,0.0,0.0,0.0,BKGI
2025-03-25 00:00:00-04:00,33.654119191360856,33.68346751837453,33.51715162399961,33.58465576171875,57400,0.0,0.0,0.0,BKGI
2025-03-26 00:00:00-04:00,33.59052468231004,33.63846202256374,33.390949349904645,33.46823501586914,9300,0.0,0.0,0.0,BKGI
2025-03-27 00:00:00-04:00,33.73238206848825,33.810649248509804,33.56606990891927,33.57585144042969,14500,0.0,0.0,0.0,BKGI
2025-03-28 00:00:00-04:00,33.78129335534941,33.90847564245516,33.66389633062787,33.82042694091797,31500,0.0,0.0,0.0,BKGI
2025-03-31 00:00:00-04:00,33.58563520261028,33.86934438754493,33.58465369071701,33.722599029541016,31900,0.0,0.0,0.0,BKGI
2025-04-01 00:00:00-04:00,33.83629976755637,34.061743955108774,33.70887349141157,33.96372604370117,18000,0.066,0.0,0.0,BKGI
2025-04-02 00:00:00-04:00,33.797090778515255,34.271505840794106,33.797090778515255,34.21857452392578,41000,0.0,0.0,0.0,BKGI
2025-04-03 00:00:00-04:00,34.57144331852813,34.87040279189545,34.51753234863281,34.51753234863281,107100,0.0,0.0,0.0,BKGI
2025-04-04 00:00:00-04:00,33.7382778581411,33.7382778581411,32.12095989746299,32.130760192871094,44800,0.0,0.0,0.0,BKGI
2025-04-07 00:00:00-04:00,31.150567370330048,31.679871181555292,30.87709202075622,31.170169830322266,127600,0.0,0.0,0.0,BKGI
2025-04-08 00:00:00-04:00,31.85630774155178,31.983734019478224,30.680074092496515,30.944726943969727,39400,0.0,0.0,0.0,BKGI
2025-04-09 00:00:00-04:00,31.013337520153108,33.09134775040668,30.631062458928618,32.444419860839844,174300,0.0,0.0,0.0,BKGI
2025-04-10 00:00:00-04:00,32.36600889167914,32.69927502763537,31.811217189131483,32.4836311340332,30400,0.0,0.0,0.0,BKGI
2025-04-11 00:00:00-04:00,32.83649817332529,33.24817784817224,32.51303236667988,33.2089729309082,53200,0.0,0.0,0.0,BKGI
2025-04-14 00:00:00-04:00,33.414816007490565,33.59125123928344,33.086451891320806,33.473628997802734,22400,0.0,0.0,0.0,BKGI
2025-04-15 00:00:00-04:00,33.732398743657356,33.81669399430481,33.62065444071203,33.69123077392578,14500,0.0,0.0,0.0,BKGI
2025-04-16 00:00:00-04:00,34.01273405979328,34.28228517828959,33.89511182152478,33.99312973022461,43100,0.0,0.0,0.0,BKGI
2025-04-17 00:00:00-04:00,34.21857525761044,34.61065438612012,34.21857525761044,34.316593170166016,48000,0.0,0.0,0.0,BKGI
2025-04-21 00:00:00-04:00,34.40480895129448,34.483226268469565,33.52263656793565,33.88530731201172,37300,0.0,0.0,0.0,BKGI
2025-04-22 00:00:00-04:00,34.346000219943846,34.731214265896035,34.30679156076566,34.728275299072266,316900,0.0,0.0,0.0,BKGI
2025-04-23 00:00:00-04:00,34.64005922144874,34.7674854998562,34.395010699434856,34.43421936035156,293600,0.0,0.0,0.0,BKGI
2025-04-24 00:00:00-04:00,34.571445006950256,34.9919490970132,34.571445006950256,34.95372009277344,74100,0.0,0.0,0.0,BKGI
2025-04-25 00:00:00-04:00,35.05174029017729,35.05174029017729,34.71847413787003,34.75768280029297,50200,0.0,0.0,0.0,BKGI
2025-04-28 00:00:00-04:00,34.8655015201112,35.182106018066406,34.708670624102616,35.182106018066406,9900,0.0,0.0,0.0,BKGI
2025-04-29 00:00:00-04:00,35.551638744716065,35.82609188298156,35.434016505337084,35.453617095947266,166100,0.0,0.0,0.0,BKGI
2025-04-30 00:00:00-04:00,35.51243102608122,35.55163968662753,35.09094727306745,35.42421340942383,138700,0.0,0.0,0.0,BKGI
2025-05-01 00:00:00-04:00,35.67906366993756,35.70846829388497,35.280123239772124,35.37520217895508,29400,0.0,0.0,0.0,BKGI
2025-05-02 00:00:00-04:00,35.69866655496073,35.69866655496073,35.208569515562736,35.42421340942383,88300,0.0,0.0,0.0,BKGI
2025-05-05 00:00:00-04:00,35.33599445809353,35.532034014276874,35.159559231442884,35.34579849243164,127400,0.0,0.0,0.0,BKGI
2025-05-06 00:00:00-04:00,35.26738144674917,35.757478471421855,35.26738144674917,35.5810432434082,218000,0.0,0.0,0.0,BKGI
2025-05-07 00:00:00-04:00,35.80648396091969,35.95351454975017,35.53203085018889,35.816287994384766,516400,0.0,0.0,0.0,BKGI
2025-05-08 00:00:00-04:00,35.70846734841552,35.70846734841552,35.38500153698484,35.404605865478516,48900,0.0,0.0,0.0,BKGI
2025-05-09 00:00:00-04:00,35.473221299717245,35.6496565277309,35.473221299717245,35.5810432434082,10100,0.0,0.0,0.0,BKGI
2025-05-12 00:00:00-04:00,35.688865176380304,35.688865176380304,35.17426180497112,35.335994720458984,201600,0.0,0.0,0.0,BKGI
2025-05-13 00:00:00-04:00,35.39480818339186,35.541835049231906,35.237977283009656,35.443817138671875,117300,0.0,0.0,0.0,BKGI
2025-05-14 00:00:00-04:00,35.54183538838391,35.54183538838391,35.26640258924718,35.434017181396484,27500,0.0,0.0,0.0,BKGI
2025-05-15 00:00:00-04:00,35.75747742429155,35.9829216003418,35.67906384699485,35.9829216003418,17500,0.0,0.0,0.0,BKGI
2025-05-16 00:00:00-04:00,36.10054654117874,36.38479995727539,36.061337884081496,36.38479995727539,53700,0.0,0.0,0.0,BKGI
2025-05-19 00:00:00-04:00,36.218171715821384,36.65925979614258,36.218171715821384,36.65925979614258,20900,0.0,0.0,0.0,BKGI
2025-05-20 00:00:00-04:00,36.65926065866232,37.11994934082031,36.65926065866232,37.11994934082031,32200,0.0,0.0,0.0,BKGI
2025-05-21 00:00:00-04:00,36.94351242699752,37.12877203407944,36.796485562869876,36.8062858581543,29000,0.0,0.0,0.0,BKGI
2025-05-22 00:00:00-04:00,36.70826914774368,36.87490034702642,36.45341659230177,36.7670783996582,150700,0.0,0.0,0.0,BKGI
2025-05-23 00:00:00-04:00,36.60044409782777,37.05133244028876,36.59750513113865,36.992523193359375,45200,0.0,0.0,0.0,BKGI
2025-05-27 00:00:00-04:00,37.345393062582794,37.345393062582794,37.100344541859435,37.25717544555664,35800,0.0,0.0,0.0,BKGI
2025-05-28 00:00:00-04:00,37.129754930448044,37.129754930448044,36.82589340209961,36.82589340209961,28300,0.0,0.0,0.0,BKGI
2025-05-29 00:00:00-04:00,36.92390737130112,36.97781834216434,36.7082672269917,36.95331573486328,90600,0.0,0.0,0.0,BKGI
2025-05-30 00:00:00-04:00,36.963115906754595,37.12484881880521,36.825889341066855,37.08074188232422,40500,0.0,0.0,0.0,BKGI
2025-06-02 00:00:00-04:00,37.05133122730766,37.52182388305664,37.05133122730766,37.52182388305664,51200,0.0,0.0,0.0,BKGI
2025-06-03 00:00:00-04:00,37.51202820984818,37.51202820984818,37.31598864434946,37.37480163574219,39600,0.0,0.0,0.0,BKGI
2025-06-04 00:00:00-04:00,37.43361139430527,37.43361139430527,37.16111755371094,37.16111755371094,26100,0.0,0.0,0.0,BKGI
2025-06-05 00:00:00-04:00,37.19542215223912,37.30618680172624,37.17876052856445,37.17876052856445,18300,0.0,0.0,0.0,BKGI
2025-06-06 00:00:00-04:00,37.217971200294514,37.27678045328481,37.05133625881991,37.23757553100586,54400,0.0,0.0,0.0,BKGI
2025-06-09 00:00:00-04:00,37.15915968483853,37.15915968483853,36.94351577758789,36.94351577758789,6700,0.0,0.0,0.0,BKGI
2025-06-10 00:00:00-04:00,37.16895695944141,38.227568339002715,36.90430785369468,37.041534423828125,30800,0.0,0.0,0.0,BKGI
2025-06-11 00:00:00-04:00,37.24737334994552,37.38459991665604,37.246393694346665,37.31598663330078,15500,0.0,0.0,0.0,BKGI
2025-06-12 00:00:00-04:00,37.53163028523542,37.815887451171875,37.11014655343819,37.815887451171875,20900,0.0,0.0,0.0,BKGI
2025-06-13 00:00:00-04:00,37.61004384763556,37.786479071995785,37.570838928222656,37.570838928222656,19000,0.0,0.0,0.0,BKGI
2025-06-16 00:00:00-04:00,37.727667797116574,37.933507634767594,37.49241959755592,37.51202392578125,34000,0.0,0.0,0.0,BKGI
2025-06-17 00:00:00-04:00,37.51202665434974,37.51202665434974,37.17876052856445,37.17876052856445,18500,0.0,0.0,0.0,BKGI
2025-06-18 00:00:00-04:00,37.717865090928285,37.717865090928285,37.27481772704383,37.34539031982422,35100,0.0,0.0,0.0,BKGI
2025-06-20 00:00:00-04:00,37.56103514218201,37.56103514218201,37.31598663330078,37.31598663330078,10900,0.0,0.0,0.0,BKGI
2025-06-23 00:00:00-04:00,37.35029363665247,37.80608401715083,37.35029363665247,37.79628372192383,55400,0.0,0.0,0.0,BKGI
2025-06-24 00:00:00-04:00,37.78647781435242,37.94330870421468,37.708064238992975,37.8550910949707,184100,0.0,0.0,0.0,BKGI
2025-06-25 00:00:00-04:00,37.757075426344436,37.757075426344436,37.49242258294407,37.587501525878906,30800,0.0,0.0,0.0,BKGI
2025-06-26 00:00:00-04:00,37.89430203916102,38.14915084838867,37.89430203916102,38.14915084838867,17600,0.0,0.0,0.0,BKGI
2025-06-27 00:00:00-04:00,38.2079646488762,38.384399881757396,38.07073807644498,38.24717330932617,28400,0.0,0.0,0.0,BKGI
2025-06-30 00:00:00-04:00,38.30598596729096,38.521626119605486,38.17855969150717,38.50202178955078,27000,0.0,0.0,0.0,BKGI
2025-07-01 00:00:00-04:00,38.53873824400057,38.53873824400057,38.29067736544369,38.47920227050781,121100,0.477,0.0,0.0,BKGI
2025-07-02 00:00:00-04:00,38.32044347102581,38.45935695744157,38.13191856590565,38.44943618774414,49000,0.0,0.0,0.0,BKGI
2025-07-03 00:00:00-04:00,38.201375329975264,38.34921788771032,38.19045907670437,38.241065979003906,10200,0.0,0.0,0.0,BKGI
2025-07-07 00:00:00-04:00,38.19145458135726,38.45935699967694,37.893778498586734,38.03269577026367,65100,0.0,0.0,0.0,BKGI
2025-07-08 00:00:00-04:00,37.854090344248384,37.97315850223254,37.613966846319244,37.963233947753906,95200,0.0,0.0,0.0,BKGI
2025-07-09 00:00:00-04:00,38.062459319283285,38.300595627445325,37.97811953452208,38.28075408935547,47600,0.0,0.0,0.0,BKGI
2025-07-10 00:00:00-04:00,37.923548366500896,38.062461853027344,37.84416706842371,38.062461853027344,22500,0.0,0.0,0.0,BKGI
2025-07-11 00:00:00-04:00,37.854089099927556,38.092225408067975,37.854089099927556,38.012847900390625,38300,0.0,0.0,0.0,BKGI
2025-07-14 00:00:00-04:00,37.92354582206678,38.25098419189453,37.92354582206678,38.25098419189453,11800,0.0,0.0,0.0,BKGI
2025-07-15 00:00:00-04:00,38.25098677775225,38.26091133257126,37.63579685777567,37.70525360107422,56900,0.0,0.0,0.0,BKGI
2025-07-16 00:00:00-04:00,37.64571635035916,37.80447515609978,37.52664819233082,37.75486373901367,45800,0.0,0.0,0.0,BKGI
2025-07-17 00:00:00-04:00,37.65564216606206,37.83027572269329,37.65564216606206,37.82432174682617,17000,0.0,0.0,0.0,BKGI
2025-07-18 00:00:00-04:00,38.09917106655067,38.46927896305335,38.09917106655067,38.34028625488281,49600,0.0,0.0,0.0,BKGI
2025-07-21 00:00:00-04:00,38.80664446816801,38.80664446816801,38.23610369015507,38.27083206176758,35800,0.0,0.0,0.0,BKGI
2025-07-22 00:00:00-04:00,38.45935442422407,38.76695125610452,38.45935442422407,38.75703048706055,34300,0.0,0.0,0.0,BKGI
2025-07-23 00:00:00-04:00,38.73718643012462,38.88602068129966,38.69749578243455,38.82648849487305,29500,0.0,0.0,0.0,BKGI
2025-07-24 00:00:00-04:00,38.62803775757281,38.72726058839143,38.5784263421635,38.63795852661133,22300,0.0,0.0,0.0,BKGI
2025-07-25 00:00:00-04:00,38.697494517471576,38.75703048706055,38.56850180924966,38.75703048706055,32800,0.0,0.0,0.0,BKGI
2025-07-28 00:00:00-04:00,38.56850437071864,38.56850437071864,38.151763911243776,38.241065979003906,18900,0.0,0.0,0.0,BKGI
2025-07-29 00:00:00-04:00,38.22121784835879,38.45935415482987,38.22121784835879,38.45737075805664,53700,0.0,0.0,0.0,BKGI
2025-07-30 00:00:00-04:00,38.29067483002076,38.608192430740395,38.211293537286664,38.370052337646484,33100,0.0,0.0,0.0,BKGI
2025-07-31 00:00:00-04:00,38.18152872654426,38.44645982557233,38.18152872654426,38.37997817993164,19400,0.0,0.0,0.0,BKGI
2025-08-01 00:00:00-04:00,38.36013284214726,38.60422313370238,38.24999375514258,38.588348388671875,11600,0.0,0.0,0.0,BKGI
2025-08-04 00:00:00-04:00,38.8165626467782,39.124159478462424,38.796717323594535,39.114234924316406,28500,0.0,0.0,0.0,BKGI
2025-08-05 00:00:00-04:00,39.07454936527327,39.07454936527327,38.68757501306628,38.82648849487305,255900,0.0,0.0,0.0,BKGI
2025-08-06 00:00:00-04:00,39.01501337276956,39.02493792724099,38.88602066040039,38.88602066040039,18100,0.0,0.0,0.0,BKGI
2025-08-07 00:00:00-04:00,38.618114487054406,38.88602068129966,38.60323144044775,38.82648849487305,28600,0.0,0.0,0.0,BKGI
2025-08-08 00:00:00-04:00,38.935635885235655,39.00409714260768,38.60819371944041,38.737186431884766,28300,0.0,0.0,0.0,BKGI
2025-08-11 00:00:00-04:00,38.67764917298212,38.737185142538316,38.58834711120202,38.63795852661133,19600,0.0,0.0,0.0,BKGI
2025-08-12 00:00:00-04:00,38.73718641101486,38.85625456891785,38.66772967014575,38.79671859741211,17300,0.0,0.0,0.0,BKGI
2025-08-13 00:00:00-04:00,38.98028450847606,39.0606575012207,38.876099398496955,39.0606575012207,34100,0.0,0.0,0.0,BKGI
2025-08-14 00:00:00-04:00,39.00509261041063,39.06264139996469,38.886020667383015,39.03485870361328,20700,0.0,0.0,0.0,BKGI
2025-08-15 00:00:00-04:00,38.97036423126167,39.039820972124666,38.91579053699667,38.97532272338867,18600,0.0,0.0,0.0,BKGI
2025-08-18 00:00:00-04:00,38.81656522554591,38.81656522554591,38.62804032043906,38.68757629394531,45200,0.0,0.0,0.0,BKGI
2025-08-19 00:00:00-04:00,38.75703174702608,38.75703174702608,38.508970876670304,38.677650451660156,28900,0.0,0.0,0.0,BKGI
2025-08-20 00:00:00-04:00,38.747107187345335,38.98524728830263,38.747107187345335,38.945556640625,36100,0.0,0.0,0.0,BKGI
2025-08-21 00:00:00-04:00,38.766952523337935,38.91579055962146,38.766952523337935,38.82648849487305,26000,0.0,0.0,0.0,BKGI
2025-08-22 00:00:00-04:00,38.83640924862696,39.22239190225278,38.83640924862696,39.12416076660156,24200,0.0,0.0,0.0,BKGI
2025-08-25 00:00:00-04:00,38.75703201098377,38.88602093916915,38.381961822509766,38.381961822509766,41700,0.0,0.0,0.0,BKGI
2025-08-26 00:00:00-04:00,38.23114141943294,38.350213366504036,38.181530000707625,38.33036804199219,22700,0.0,0.0,0.0,BKGI
2025-08-27 00:00:00-04:00,38.09222791023659,38.40974553201954,38.09222791023659,38.38990020751953,26400,0.0,0.0,0.0,BKGI
2025-08-28 00:00:00-04:00,38.260908110696434,38.260908110696434,37.94339051518097,38.21625518798828,27500,0.0,0.0,0.0,BKGI
2025-08-29 00:00:00-04:00,38.03269321411274,38.131916044961805,37.99300256772977,38.0426139831543,24700,0.0,0.0,0.0,BKGI
2025-09-02 00:00:00-04:00,37.44727069790713,37.585192481423604,37.20913059664088,37.457191467285156,19700,0.0,0.0,0.0,BKGI
2025-09-03 00:00:00-04:00,37.35796862444908,37.548476920309604,37.349035768391566,37.39765548706055,37300,0.0,0.0,0.0,BKGI
2025-09-04 00:00:00-04:00,37.67548623915014,37.94835092575364,37.55740977951557,37.72509765625,72700,0.0,0.0,0.0,BKGI
2025-09-05 00:00:00-04:00,37.864012418854585,37.91263213917212,37.49985847314897,37.76478958129883,49100,0.0,0.0,0.0,BKGI
2025-09-08 00:00:00-04:00,37.72509766673282,37.76379283093156,37.56633886090404,37.69533157348633,325800,0.0,0.0,0.0,BKGI
2025-09-09 00:00:00-04:00,37.6556403939603,37.95331267754682,37.6556403939603,37.89973068237305,59500,0.0,0.0,0.0,BKGI
2025-09-10 00:00:00-04:00,37.983079268063555,38.18053702299825,37.983079268063555,38.14183807373047,48500,0.0,0.0,0.0,BKGI
2025-09-11 00:00:00-04:00,38.181527455670704,38.4395128720198,38.07734234775955,38.429588317871094,51500,0.0,0.0,0.0,BKGI
2025-09-12 00:00:00-04:00,38.31052142683518,38.51889164952687,38.300596872359286,38.499046325683594,19200,0.0,0.0,0.0,BKGI
2025-09-15 00:00:00-04:00,38.895945239319296,38.895945239319296,38.59331067459478,38.647884368896484,46600,0.0,0.0,0.0,BKGI
2025-09-16 00:00:00-04:00,38.56850436113797,38.56850436113797,38.37501717855718,38.41967010498047,67500,0.0,0.0,0.0,BKGI
2025-09-17 00:00:00-04:00,38.330366755948795,38.52385393206176,38.23114013671875,38.23114013671875,65000,0.0,0.0,0.0,BKGI
2025-09-18 00:00:00-04:00,38.00292586994068,38.353188466656626,38.00292586994068,38.241065979003906,48000,0.0,0.0,0.0,BKGI
2025-09-19 00:00:00-04:00,37.86401112405463,38.01284916040722,37.84416580020038,37.933467864990234,43300,0.0,0.0,0.0,BKGI
2025-09-22 00:00:00-04:00,37.84416579484619,38.241064701657955,37.84416579484619,38.20137405395508,65900,0.0,0.0,0.0,BKGI
2025-09-23 00:00:00-04:00,38.2509867372592,38.39982477851775,38.17160922433429,38.27083206176758,61200,0.0,0.0,0.0,BKGI
2025-09-24 00:00:00-04:00,38.221220643050934,38.38990022370925,38.221220643050934,38.27083206176758,39200,0.0,0.0,0.0,BKGI
2025-09-25 00:00:00-04:00,38.181528742383726,38.21625711285779,37.996970637103644,38.082305908203125,98500,0.0,0.0,0.0,BKGI
2025-09-26 00:00:00-04:00,38.14183870779216,38.41966946115924,38.14183870779216,38.41470718383789,22800,0.0,0.0,0.0,BKGI
2025-09-29 00:00:00-04:00,38.39982388062694,38.46928062222788,38.27579344418118,38.44248962402344,93000,0.0,0.0,0.0,BKGI
2025-09-30 00:00:00-04:00,38.360130962092384,38.647882466041246,38.360130962092384,38.632999420166016,87900,0.0,0.0,0.0,BKGI
2025-10-01 00:00:00-04:00,38.68000030517578,39.0,38.63999938964844,38.970001220703125,85700,0.302,0.0,0.0,BKGI
2025-10-02 00:00:00-04:00,38.720001220703125,38.83000183105469,38.584999084472656,38.7599983215332,160600,0.0,0.0,0.0,BKGI
2025-10-03 00:00:00-04:00,38.7400016784668,39.099998474121094,38.7400016784668,38.90999984741211,187700,0.0,0.0,0.0,BKGI
2025-10-06 00:00:00-04:00,38.689998626708984,38.79999923706055,38.53499984741211,38.68000030517578,45000,0.0,0.0,0.0,BKGI
2025-10-07 00:00:00-04:00,38.61000061035156,38.689998626708984,38.41999816894531,38.41999816894531,36700,0.0,0.0,0.0,BKGI
2025-10-08 00:00:00-04:00,38.650001525878906,38.689998626708984,38.439998626708984,38.689998626708984,95700,0.0,0.0,0.0,BKGI
2025-10-09 00:00:00-04:00,38.81999969482422,38.81999969482422,38.51499938964844,38.56999969482422,35900,0.0,0.0,0.0,BKGI
2025-10-10 00:00:00-04:00,38.650001525878906,38.93000030517578,38.33000183105469,38.380001068115234,99700,0.0,0.0,0.0,BKGI
2025-10-13 00:00:00-04:00,38.43000030517578,38.678001403808594,38.417999267578125,38.56999969482422,84400,0.0,0.0,0.0,BKGI
2025-10-14 00:00:00-04:00,38.65999984741211,39.040000915527344,38.59000015258789,38.97999954223633,62800,0.0,0.0,0.0,BKGI
2025-10-15 00:00:00-04:00,39.22999954223633,39.59000015258789,39.22999954223633,39.529998779296875,105200,0.0,0.0,0.0,BKGI
2025-10-16 00:00:00-04:00,39.72999954223633,39.90999984741211,39.59000015258789,39.68000030517578,121300,0.0,0.0,0.0,BKGI
2025-10-17 00:00:00-04:00,39.58000183105469,39.709999084472656,39.46500015258789,39.63999938964844,21400,0.0,0.0,0.0,BKGI
2025-10-20 00:00:00-04:00,39.59000015258789,39.75,39.52000045776367,39.540000915527344,72400,0.0,0.0,0.0,BKGI
2025-10-21 00:00:00-04:00,39.5099983215332,39.5099983215332,39.189998626708984,39.22999954223633,87000,0.0,0.0,0.0,BKGI
2025-10-22 00:00:00-04:00,39.22999954223633,39.43000030517578,39.15599822998047,39.43000030517578,60900,0.0,0.0,0.0,BKGI
2025-10-23 00:00:00-04:00,39.56999969482422,39.74300003051758,39.4630012512207,39.68000030517578,48600,0.0,0.0,0.0,BKGI
2025-10-24 00:00:00-04:00,39.58000183105469,39.79999923706055,39.58000183105469,39.70000076293945,54000,0.0,0.0,0.0,BKGI
2025-10-27 00:00:00-04:00,40.04999923706055,40.04999923706055,39.569000244140625,39.77000045776367,63000,0.0,0.0,0.0,BKGI
2025-10-28 00:00:00-04:00,39.630001068115234,39.73500061035156,39.36000061035156,39.619998931884766,37800,0.0,0.0,0.0,BKGI
2025-10-29 00:00:00-04:00,39.459999084472656,39.81800079345703,39.400001525878906,39.470001220703125,64600,0.0,0.0,0.0,BKGI
2025-10-30 00:00:00-04:00,39.400001525878906,39.84000015258789,39.400001525878906,39.79999923706055,83400,0.0,0.0,0.0,BKGI
2025-10-31 00:00:00-04:00,39.540000915527344,39.7400016784668,39.400001525878906,39.59000015258789,58800,0.0,0.0,0.0,BKGI
2025-11-03 00:00:00-05:00,39.560001373291016,39.83000183105469,39.279998779296875,39.79999923706055,35900,0.0,0.0,0.0,BKGI
2025-11-04 00:00:00-05:00,39.56999969482422,39.7599983215332,39.5,39.59000015258789,303800,0.0,0.0,0.0,BKGI
2025-11-05 00:00:00-05:00,39.7400016784668,40.02000045776367,39.709999084472656,39.869998931884766,76600,0.0,0.0,0.0,BKGI
2025-11-06 00:00:00-05:00,39.900001525878906,40.099998474121094,39.900001525878906,40.00299835205078,68000,0.0,0.0,0.0,BKGI
2025-11-07 00:00:00-05:00,39.77000045776367,40.369998931884766,39.75,40.29999923706055,45400,0.0,0.0,0.0,BKGI
2025-11-10 00:00:00-05:00,40.369998931884766,40.44599914550781,40.150001525878906,40.33000183105469,80300,0.0,0.0,0.0,BKGI
2025-11-11 00:00:00-05:00,40.439998626708984,40.59000015258789,40.36000061035156,40.43000030517578,86200,0.0,0.0,0.0,BKGI
2025-11-12 00:00:00-05:00,40.4900016784668,40.630001068115234,40.4900016784668,40.56999969482422,105900,0.0,0.0,0.0,BKGI
2025-11-13 00:00:00-05:00,40.689998626708984,40.70000076293945,40.44900131225586,40.47999954223633,67400,0.0,0.0,0.0,BKGI
2025-11-14 00:00:00-05:00,40.130001068115234,40.459999084472656,40.130001068115234,40.38999938964844,75000,0.0,0.0,0.0,BKGI
2025-11-17 00:00:00-05:00,40.400001525878906,40.65999984741211,40.27000045776367,40.38999938964844,78400,0.0,0.0,0.0,BKGI
2025-11-18 00:00:00-05:00,40.314998626708984,40.4900016784668,40.21500015258789,40.36000061035156,44700,0.0,0.0,0.0,BKGI
2025-11-19 00:00:00-05:00,40.15999984741211,40.290000915527344,39.84000015258789,39.88999938964844,46500,0.0,0.0,0.0,BKGI
2025-11-20 00:00:00-05:00,40.18000030517578,40.439998626708984,39.709999084472656,39.720001220703125,147900,0.0,0.0,0.0,BKGI
2025-11-21 00:00:00-05:00,39.88999938964844,39.994998931884766,39.66999816894531,39.91999816894531,520700,0.0,0.0,0.0,BKGI
2025-11-24 00:00:00-05:00,39.84000015258789,40.08000183105469,39.84000015258789,39.970001220703125,130300,0.0,0.0,0.0,BKGI
2025-11-25 00:00:00-05:00,39.939998626708984,40.15999984741211,39.9119987487793,40.119998931884766,48100,0.0,0.0,0.0,BKGI
2025-11-26 00:00:00-05:00,40.20000076293945,40.64500045776367,40.20000076293945,40.59000015258789,94300,0.0,0.0,0.0,BKGI
2025-11-28 00:00:00-05:00,40.68000030517578,41.029998779296875,40.66999816894531,41.0099983215332,32100,0.0,0.0,0.0,BKGI
2025-12-01 00:00:00-05:00,40.880001068115234,40.90700149536133,40.63199996948242,40.650001525878906,60800,0.0,0.0,0.0,BKGI
2025-12-02 00:00:00-05:00,40.779998779296875,40.779998779296875,40.5,40.5989990234375,52485,0.0,0.0,0.0,BKGI
